account_id,account_name,industry,country,signup_date,referral_source,plan_tier,seats,current_mrr,current_arr,is_trial,total_usage_count,ticket_count,avg_satisfaction,escalation_rate,has_upgraded,has_downgraded,tenure_days,churn_target,churn_probability,revenue_at_risk,churn_probability_percent,priority,recommended_action
A-4c38bc,Company_55,HealthTech,UK,2024-03-09,event,Enterprise,36.0,7164.0,85968.0,False,712,3.0,3.5,0.0,True,False,205,0,0.5422014600983691,3884.331260144717,54.22014600983691,High,Proactive retention outreach
A-cb5333,Company_370,DevTools,US,2024-03-26,ads,Enterprise,33.0,6567.0,78804.0,False,692,4.0,3.0,0.0,False,True,188,0,0.5740523778752363,3769.801965506677,57.40523778752363,High,Customer satisfaction outreach
A-86fc1d,Company_328,DevTools,UK,2024-07-26,partner,Enterprise,28.0,5572.0,66864.0,False,298,4.0,4.0,0.0,True,False,66,0,0.5792910335866505,3227.809639144816,57.929103358665046,High,Proactive retention outreach
A-f03140,Company_209,DevTools,IN,2023-11-22,event,Enterprise,27.0,5373.0,64476.0,False,518,7.0,3.6666666666666665,0.0,False,True,313,1,0.5508080630400205,2959.49172271403,55.08080630400205,High,Proactive retention outreach
A-a33200,Company_352,HealthTech,US,2024-09-15,partner,Enterprise,29.0,5771.0,69252.0,False,462,3.0,4.5,0.0,False,False,15,1,0.5001604826254396,2886.426145231412,50.016048262543954,High,Proactive retention outreach
A-e08cd3,Company_475,FinTech,US,2024-09-21,ads,Pro,67.0,3283.0,39396.0,False,360,6.0,4.0,0.0,False,False,9,1,0.5273418621816603,1731.263333542391,52.73418621816604,High,Proactive retention outreach
A-7dacce,Company_8,Cybersecurity,CA,2024-09-10,event,Enterprise,13.0,2587.0,31044.0,False,409,4.0,3.6666666666666665,0.0,False,False,20,1,0.505930820102205,1308.8430316044044,50.5930820102205,High,Proactive retention outreach
A-f3ff05,Company_44,FinTech,IN,2024-07-06,other,Pro,35.0,1715.0,20580.0,False,616,3.0,3.5,0.0,True,False,86,1,0.6602903494982135,1132.3979493894362,66.02903494982135,High,Proactive retention outreach
A-5a92e7,Company_413,HealthTech,US,2024-06-11,ads,Pro,28.0,1372.0,16464.0,False,772,6.0,4.75,0.0,False,False,111,1,0.620643465959907,851.5228352969925,62.06434659599071,High,Proactive retention outreach
A-e60f9d,Company_178,FinTech,US,2024-08-26,other,Pro,29.0,1421.0,17052.0,False,567,2.0,,0.0,False,False,35,0,0.5416606787190191,769.6998244597262,54.16606787190192,High,Proactive retention outreach
A-d82ef9,Company_355,EdTech,UK,2024-07-02,other,Pro,26.0,1274.0,15288.0,False,596,3.0,4.333333333333333,0.0,True,True,90,0,0.5229687246336719,666.2621551832981,52.2968724633672,High,Proactive retention outreach
A-0a282f,Company_2,DevTools,US,2024-08-27,organic,Enterprise,6.0,1194.0,14328.0,False,717,2.0,5.0,0.0,False,False,34,1,0.5079504591943846,606.4928482780953,50.79504591943847,High,Proactive retention outreach
A-8b0451,Company_245,FinTech,UK,2024-09-16,event,Basic,41.0,779.0,9348.0,False,547,5.0,3.6666666666666665,0.0,False,False,14,1,0.6808001830747895,530.343342615261,68.08001830747895,High,Proactive retention outreach
A-4d1e75,Company_58,DevTools,US,2024-08-21,other,Pro,20.0,980.0,11760.0,False,430,2.0,4.0,0.0,True,False,40,0,0.5204382475920922,510.0294826402504,52.04382475920922,High,Proactive retention outreach
A-5247b3,Company_375,FinTech,UK,2024-03-12,partner,Pro,16.0,784.0,9408.0,False,555,5.0,4.0,0.0,True,False,202,1,0.61127285034621,479.2379146714287,61.127285034621,High,Proactive retention outreach
A-a09355,Company_459,FinTech,US,2024-08-10,organic,Pro,15.0,735.0,8820.0,False,673,5.0,4.0,0.0,False,False,51,1,0.6235882195769198,458.33734138903606,62.35882195769198,High,Proactive retention outreach
A-443b7c,Company_280,Cybersecurity,US,2024-09-06,other,Basic,36.0,684.0,8208.0,False,524,8.0,4.4,0.0,False,False,24,0,0.5907706653152189,404.08713507560975,59.07706653152189,High,Proactive retention outreach
A-c42f1f,Company_21,HealthTech,US,2024-07-28,other,Pro,11.0,539.0,6468.0,False,321,9.0,4.0,0.1111111111111111,False,False,64,0,0.67916181501519,366.0682182931874,67.916181501519,High,Proactive retention outreach
A-0e966d,Company_493,FinTech,IN,2024-06-25,ads,Pro,13.0,637.0,7644.0,False,517,2.0,5.0,0.5,False,False,97,0,0.5064826458596787,322.6294454126153,50.64826458596787,High,Priority support intervention
A-c37cab,Company_278,Cybersecurity,UK,2024-07-29,event,Basic,30.0,570.0,6840.0,False,603,4.0,3.75,0.25,False,False,63,1,0.5590621247998984,318.66541113594207,55.90621247998983,High,Proactive retention outreach
A-d4ac0e,Company_364,DevTools,UK,2024-04-20,ads,Basic,29.0,551.0,6612.0,False,683,3.0,4.0,0.0,True,False,163,0,0.5753163355484762,316.9993008872104,57.531633554847616,High,Proactive retention outreach
A-cd458b,Company_430,DevTools,US,2024-06-15,other,Basic,27.0,513.0,6156.0,False,760,4.0,4.5,0.0,False,False,107,1,0.584878850832863,300.0428504772587,58.48788508328629,High,Proactive retention outreach
A-0532a9,Company_170,FinTech,IN,2024-09-25,event,Basic,19.0,361.0,4332.0,False,423,7.0,3.0,0.0,False,False,5,1,0.7809160180894278,281.91068253028345,78.09160180894278,High,Customer satisfaction outreach
A-8ae3fc,Company_495,DevTools,CA,2024-06-28,ads,Pro,9.0,441.0,5292.0,False,349,4.0,3.5,0.0,False,False,94,0,0.5665916980986029,249.86693886148387,56.65916980986029,High,Proactive retention outreach
A-5b4ebb,Company_69,Cybersecurity,UK,2024-07-10,other,Basic,21.0,399.0,4788.0,False,639,4.0,4.666666666666667,0.0,False,False,82,0,0.5531426785579239,220.70392874461163,55.31426785579239,High,Proactive retention outreach
A-751c58,Company_393,FinTech,UK,2024-07-18,organic,Basic,18.0,342.0,4104.0,False,472,4.0,4.0,0.0,True,False,74,1,0.5496460605205934,187.97895269804292,54.96460605205934,High,Proactive retention outreach
A-bc87bc,Company_456,FinTech,US,2024-07-17,event,Basic,18.0,342.0,4104.0,False,325,5.0,3.5,0.0,False,False,75,0,0.5192013061169671,177.56684669200277,51.92013061169671,High,Proactive retention outreach
A-7a0d69,Company_187,DevTools,DE,2024-06-15,ads,Pro,4.0,196.0,2352.0,False,516,2.0,5.0,0.0,True,False,107,1,0.51152586918589,100.25907036043444,51.152586918589,High,Proactive retention outreach
A-fda07f,Company_230,Cybersecurity,FR,2024-08-11,partner,Basic,7.0,133.0,1596.0,False,613,5.0,4.0,0.0,True,False,50,0,0.5531847021279961,73.57356538302348,55.31847021279961,High,Proactive retention outreach
A-9077b0,Company_41,HealthTech,US,2024-08-25,ads,Basic,2.0,38.0,456.0,False,460,3.0,4.333333333333333,0.0,False,False,36,0,0.5216636395588109,19.82321830323481,52.16636395588109,High,Proactive retention outreach
A-bbc346,Company_138,FinTech,US,2024-08-29,partner,Enterprise,19.0,0.0,0.0,True,583,3.0,4.5,0.0,True,True,32,1,0.5528995964016382,0.0,55.28995964016382,High,Proactive retention outreach
A-ffc04f,Company_307,EdTech,US,2024-06-06,ads,Enterprise,13.0,0.0,0.0,True,756,7.0,4.5,0.1428571428571428,False,False,116,0,0.5879538408250348,0.0,58.79538408250348,High,Proactive retention outreach
A-4e44e8,Company_22,DevTools,US,2024-08-20,ads,Basic,10.0,0.0,0.0,True,637,3.0,3.333333333333333,0.0,True,False,41,1,0.6562650168293983,0.0,65.62650168293983,High,Proactive retention outreach
A-4f18f0,Company_145,DevTools,CA,2024-04-21,other,Pro,24.0,0.0,0.0,True,503,5.0,4.0,0.0,False,True,162,1,0.5457490222735687,0.0,54.57490222735687,High,Proactive retention outreach
A-0aaf6e,Company_114,FinTech,US,2024-05-11,organic,Pro,11.0,0.0,0.0,True,502,4.0,3.0,0.0,False,False,142,0,0.5129920377519046,0.0,51.29920377519046,High,Customer satisfaction outreach
A-34ea2f,Company_436,HealthTech,US,2024-08-15,organic,Enterprise,23.0,0.0,0.0,True,461,7.0,3.8,0.0,False,False,46,1,0.5742328983587788,0.0,57.42328983587788,High,Proactive retention outreach
A-bcbe98,Company_452,Cybersecurity,US,2024-07-29,other,Enterprise,46.0,0.0,0.0,True,499,7.0,4.0,0.1428571428571428,True,True,63,1,0.510468292357156,0.0,51.0468292357156,High,Proactive retention outreach
A-427b69,Company_453,FinTech,US,2024-08-23,other,Pro,17.0,0.0,0.0,True,619,2.0,3.0,0.0,False,False,38,0,0.6432086385110177,0.0,64.32086385110178,High,Customer satisfaction outreach
A-86cdb4,Company_250,DevTools,DE,2024-09-22,partner,,,,,,371,3.0,5.0,0.0,0,0,8,0,0.5199590040248961,,51.99590040248962,High,Proactive retention outreach
A-b54c01,Company_354,DevTools,US,2024-09-29,event,,,,,,208,5.0,3.0,0.0,0,0,1,1,0.5730271788412504,,57.302717884125045,High,Customer satisfaction outreach
A-902ef7,Company_270,HealthTech,US,2024-09-03,other,Enterprise,83.0,16517.0,198204.0,False,369,2.0,4.0,0.0,True,False,27,0,0.3554764737954901,5871.404917680111,35.54764737954901,Medium,Proactive retention outreach
A-054577,Company_455,EdTech,UK,2024-04-28,ads,Enterprise,75.0,14925.0,179100.0,False,733,1.0,4.0,0.0,True,True,155,0,0.3614468636316348,5394.59443970215,36.14468636316349,Medium,Proactive retention outreach
A-883b7d,Company_313,Cybersecurity,IN,2024-03-28,other,Enterprise,50.0,9950.0,119400.0,False,535,5.0,4.0,0.2,False,False,186,0,0.4573869350103431,4551.000003352914,45.73869350103432,Medium,Proactive retention outreach
A-0cc442,Company_198,EdTech,US,2024-07-18,organic,Enterprise,53.0,10547.0,126564.0,False,668,3.0,3.0,0.0,True,True,74,1,0.4213441551714889,4443.916804593694,42.134415517148895,Medium,Customer satisfaction outreach
A-dbc825,Company_252,EdTech,FR,2024-01-07,partner,Enterprise,45.0,8955.0,107460.0,False,612,5.0,3.0,0.0,True,False,267,0,0.3559568606455537,3187.5936870809333,35.59568606455537,Medium,Customer satisfaction outreach
A-86902e,Company_169,HealthTech,IN,2023-05-02,other,Enterprise,34.0,6766.0,81192.0,False,531,9.0,3.5,0.0,True,False,517,1,0.4372216548373966,2958.241716629825,43.72216548373966,Medium,Proactive retention outreach
A-526d93,Company_66,HealthTech,FR,2024-04-14,organic,Enterprise,43.0,8557.0,102684.0,False,460,4.0,3.5,0.25,True,False,169,0,0.3170055116889645,2712.6161635224694,31.700551168896453,Medium,Proactive retention outreach
A-92a3af,Company_259,Cybersecurity,IN,2024-07-07,organic,Enterprise,27.0,5373.0,64476.0,False,597,4.0,4.0,0.25,False,True,85,0,0.4982515507269834,2677.1055820560823,49.82515507269834,Medium,Proactive retention outreach
A-ad296b,Company_112,DevTools,AU,2024-07-15,event,Enterprise,38.0,7562.0,90744.0,False,258,3.0,3.6666666666666665,0.3333333333333333,False,False,77,0,0.3090421987897103,2336.9771072477897,30.904219878971038,Medium,Priority support intervention
A-3f9cc0,Company_359,HealthTech,US,2024-06-03,event,Enterprise,30.0,5970.0,71640.0,False,389,4.0,4.5,0.25,True,True,119,1,0.3779445328146274,2256.3288609033257,37.79445328146274,Medium,Proactive retention outreach
A-90a8c8,Company_249,FinTech,AU,2024-08-24,organic,Enterprise,28.0,5572.0,66864.0,False,363,4.0,3.25,0.0,True,False,37,0,0.3983161397141121,2219.4175304870328,39.83161397141121,Medium,Proactive retention outreach
A-f5641b,Company_382,EdTech,US,2024-03-30,other,Enterprise,31.0,6169.0,74028.0,False,383,4.0,3.0,0.25,True,True,184,0,0.35900477643962,2214.700465856016,35.900477643962,Medium,Customer satisfaction outreach
A-dcc3f1,Company_314,HealthTech,US,2023-12-27,event,Enterprise,22.0,4378.0,52536.0,False,416,9.0,3.8,0.0,False,False,278,1,0.4854058591734517,2125.106851461372,48.54058591734517,Medium,Proactive retention outreach
A-560d27,Company_266,DevTools,US,2024-05-05,organic,Enterprise,23.0,4577.0,54924.0,False,539,4.0,3.6666666666666665,0.0,False,False,148,0,0.4598043438120406,2104.52448162771,45.98043438120406,Medium,Proactive retention outreach
A-37f969,Company_150,HealthTech,IN,2023-10-14,partner,Enterprise,30.0,5970.0,71640.0,False,280,5.0,3.6666666666666665,0.2,True,False,352,1,0.3430662435213071,2048.105473822204,34.30662435213072,Medium,Proactive retention outreach
A-b7b7b7,Company_338,FinTech,US,2024-06-30,event,Enterprise,24.0,4776.0,57312.0,False,521,3.0,5.0,0.0,True,False,92,0,0.4175548711696787,1994.2420647063852,41.75548711696787,Medium,Proactive retention outreach
A-4814a3,Company_337,Cybersecurity,IN,2024-09-17,event,Pro,87.0,4263.0,51156.0,False,513,4.0,4.0,0.25,True,False,13,1,0.4605192203506297,1963.1934363547343,46.05192203506297,Medium,Proactive retention outreach
A-f92792,Company_67,FinTech,US,2024-07-04,ads,Enterprise,24.0,4776.0,57312.0,False,467,1.0,4.0,0.0,False,True,88,1,0.4074660654584749,1946.0579286296768,40.7466065458475,Medium,Proactive retention outreach
A-87aa7b,Company_433,HealthTech,US,2024-05-16,organic,Enterprise,24.0,4776.0,57312.0,False,649,2.0,,0.5,True,True,137,1,0.3758052298279108,1794.8457776581024,37.58052298279109,Medium,Priority support intervention
A-ff79f2,Company_165,DevTools,US,2024-04-25,ads,Enterprise,23.0,4577.0,54924.0,False,344,2.0,,0.0,False,False,158,0,0.3534922622893967,1617.9340844985686,35.34922622893967,Medium,Proactive retention outreach
A-0a62f5,Company_381,FinTech,UK,2024-09-11,partner,Enterprise,16.0,3184.0,38208.0,False,233,1.0,,0.0,False,False,19,1,0.4959554431103468,1579.1221308633444,49.595544311034686,Medium,Proactive retention outreach
A-58b9ff,Company_425,DevTools,IN,2024-05-31,partner,Pro,63.0,3087.0,37044.0,False,581,2.0,4.0,0.5,False,True,122,1,0.4931317336840106,1522.2976618825408,49.31317336840107,Medium,Priority support intervention
A-b3fe05,Company_238,Cybersecurity,CA,2024-05-28,partner,Enterprise,17.0,3383.0,40596.0,False,408,3.0,3.0,0.0,False,False,125,0,0.4390332913471995,1485.249624627576,43.90332913471995,Medium,Customer satisfaction outreach
A-fe79a5,Company_81,HealthTech,IN,2024-02-21,ads,Enterprise,23.0,4577.0,54924.0,False,299,3.0,5.0,0.0,True,False,222,0,0.3208279293055962,1468.4294324317138,32.08279293055962,Medium,Proactive retention outreach
A-7cfe77,Company_367,DevTools,US,2024-07-10,ads,Pro,69.0,3381.0,40572.0,False,188,6.0,3.6666666666666665,0.0,True,True,82,1,0.4284966032308369,1448.7470155234596,42.84966032308369,Medium,Product adoption outreach
A-2d1036,Company_399,FinTech,US,2024-06-14,ads,Pro,69.0,3381.0,40572.0,False,590,4.0,4.5,0.25,False,True,108,1,0.4150225495558236,1403.1912400482397,41.502254955582366,Medium,Proactive retention outreach
A-96215d,Company_318,FinTech,US,2024-08-08,event,Enterprise,16.0,3184.0,38208.0,False,306,1.0,3.0,0.0,True,False,53,0,0.4391058974129455,1398.1131773628183,43.91058974129455,Medium,Customer satisfaction outreach
A-029f69,Company_129,Cybersecurity,CA,2024-03-07,event,Enterprise,15.0,2985.0,35820.0,False,751,2.0,3.0,0.0,False,False,207,1,0.4410960355352651,1316.6716660727664,44.10960355352651,Medium,Customer satisfaction outreach
A-8e47ca,Company_191,HealthTech,US,2024-02-15,organic,Enterprise,19.0,3781.0,45372.0,False,411,5.0,4.0,0.2,True,False,228,0,0.3289222093605183,1243.6548735921197,32.89222093605183,Medium,Proactive retention outreach
A-9f0b68,Company_489,EdTech,US,2024-04-28,ads,Enterprise,13.0,2587.0,31044.0,False,663,2.0,3.0,0.0,False,False,155,1,0.4492637543569488,1162.2453325214267,44.92637543569488,Medium,Customer satisfaction outreach
A-94f8c9,Company_51,HealthTech,US,2024-03-29,other,Enterprise,13.0,2587.0,31044.0,False,655,3.0,5.0,0.0,True,False,185,0,0.4196648016635055,1085.672841903489,41.96648016635056,Medium,Proactive retention outreach
A-d27f50,Company_163,Cybersecurity,UK,2024-07-20,ads,Pro,44.0,2156.0,25872.0,False,424,4.0,3.75,0.0,False,False,72,0,0.4991828498760683,1076.2382243328034,49.91828498760683,Medium,Proactive retention outreach
A-d922bf,Company_221,HealthTech,US,2023-09-08,ads,Enterprise,15.0,2985.0,35820.0,False,379,7.0,3.333333333333333,0.1428571428571428,False,False,388,1,0.3571967278663296,1066.232232680994,35.71967278663297,Medium,Proactive retention outreach
A-dfbd31,Company_190,DevTools,UK,2023-12-04,partner,Pro,43.0,2107.0,25284.0,False,559,5.0,4.25,0.0,True,False,301,1,0.467294695404106,984.5899232164514,46.729469540410605,Medium,Proactive retention outreach
A-cc102e,Company_443,HealthTech,US,2024-04-15,partner,Enterprise,13.0,2587.0,31044.0,False,333,3.0,4.0,0.0,False,False,168,1,0.3750804612793252,970.3331533296144,37.50804612793252,Medium,Proactive retention outreach
A-a1b80b,Company_184,HealthTech,US,2023-11-27,organic,Enterprise,16.0,3184.0,38208.0,False,580,4.0,4.0,0.0,True,True,308,0,0.3041564593601359,968.4341666026728,30.4156459360136,Medium,Proactive retention outreach
A-d535f6,Company_421,DevTools,US,2024-09-03,organic,Enterprise,12.0,2388.0,28656.0,False,448,0.0,,0.0,False,False,27,1,0.3928500710937013,938.1259697717588,39.28500710937013,Medium,Proactive retention outreach
A-e7a1e2,Company_295,Cybersecurity,US,2024-06-23,event,Enterprise,12.0,2388.0,28656.0,False,596,1.0,4.0,0.0,False,False,99,1,0.373252106858667,891.3260311784969,37.32521068586671,Medium,Proactive retention outreach
A-7da956,Company_141,Cybersecurity,US,2024-06-02,event,Enterprise,14.0,2786.0,33432.0,False,459,3.0,5.0,0.0,True,True,120,0,0.3105469602701891,865.183831312747,31.054696027018917,Medium,Proactive retention outreach
A-bcf87c,Company_288,FinTech,US,2024-06-27,event,Enterprise,10.0,1990.0,23880.0,False,426,2.0,4.0,0.0,False,False,95,0,0.430909516293985,857.5099374250301,43.090951629398496,Medium,Proactive retention outreach
A-e2cd1b,Company_121,DevTools,US,2024-02-04,other,Pro,45.0,2205.0,26460.0,False,405,5.0,4.0,0.0,False,False,239,0,0.3836718552882031,845.9964409104878,38.36718552882031,Medium,Proactive retention outreach
A-712f1c,Company_331,DevTools,US,2023-12-16,ads,Pro,38.0,1862.0,22344.0,False,571,6.0,4.0,0.0,True,False,289,1,0.4399691930936957,819.2226375404615,43.99691930936957,Medium,Proactive retention outreach
A-684255,Company_20,FinTech,US,2024-04-14,ads,Enterprise,9.0,1791.0,21492.0,False,569,4.0,4.666666666666667,0.25,True,False,169,0,0.4553098129180423,815.4598749362139,45.53098129180423,Medium,Proactive retention outreach
A-69b156,Company_396,EdTech,US,2023-11-21,other,Enterprise,13.0,2587.0,31044.0,False,340,7.0,4.0,0.0,False,False,314,0,0.312945228817286,809.5893069503188,31.2945228817286,Medium,Proactive retention outreach
A-4c56c9,Company_449,FinTech,US,2023-12-20,partner,Enterprise,9.0,1791.0,21492.0,False,535,4.0,4.0,0.0,False,False,285,0,0.4030638009547242,721.8872675099111,40.30638009547242,Medium,Proactive retention outreach
A-22d9d2,Company_188,DevTools,FR,2024-03-22,event,Pro,30.0,1470.0,17640.0,False,666,5.0,4.333333333333333,0.0,True,False,192,1,0.4741141702700686,696.9478302970009,47.41141702700686,Medium,Proactive retention outreach
A-d62e02,Company_420,Cybersecurity,US,2024-08-20,partner,Enterprise,10.0,1990.0,23880.0,False,245,1.0,4.0,0.0,False,True,41,0,0.3236483415019305,644.0601995888417,32.36483415019305,Medium,Proactive retention outreach
A-378b99,Company_60,EdTech,UK,2024-09-01,ads,Basic,68.0,1292.0,15504.0,False,480,6.0,4.5,0.0,False,False,29,1,0.4909389677675873,634.2931463557228,49.09389677675873,Medium,Proactive retention outreach
A-bc4d48,Company_343,EdTech,US,2024-06-12,ads,Pro,35.0,1715.0,20580.0,False,298,5.0,4.0,0.0,True,False,110,0,0.3592016189058053,616.0307764234561,35.92016189058053,Medium,Proactive retention outreach
A-425e76,Company_110,DevTools,UK,2023-05-17,other,Enterprise,9.0,1791.0,21492.0,False,393,5.0,3.333333333333333,0.2,True,False,502,1,0.3353740795679668,600.6549765062285,33.53740795679668,Medium,Proactive retention outreach
A-39868b,Company_422,FinTech,AU,2024-03-17,partner,Enterprise,9.0,1791.0,21492.0,False,247,6.0,4.25,0.0,False,False,197,0,0.3346027227470691,599.2734764400008,33.46027227470691,Medium,Proactive retention outreach
A-eb1312,Company_322,FinTech,US,2024-09-16,partner,Pro,25.0,1225.0,14700.0,False,544,1.0,5.0,0.0,False,False,14,1,0.4630047570447543,567.1808273798241,46.30047570447544,Medium,Proactive retention outreach
A-038089,Company_156,DevTools,FR,2023-12-19,other,Pro,36.0,1764.0,21168.0,False,201,6.0,3.6666666666666665,0.0,False,False,286,1,0.3077108008931045,542.8018527754364,30.771080089310452,Medium,Proactive retention outreach
A-4a267b,Company_451,FinTech,US,2024-05-05,other,Pro,25.0,1225.0,14700.0,False,420,4.0,4.333333333333333,0.0,False,False,148,0,0.4403546191337584,539.4344084388541,44.03546191337585,Medium,Proactive retention outreach
A-5ed98d,Company_479,DevTools,US,2024-06-22,partner,Pro,24.0,1176.0,14112.0,False,239,5.0,5.0,0.0,False,False,100,1,0.4258124088834881,500.755392846982,42.58124088834881,Medium,Proactive retention outreach
A-b7ef83,Company_474,Cybersecurity,UK,2024-05-29,partner,Enterprise,5.0,995.0,11940.0,False,645,1.0,4.0,0.0,True,False,124,0,0.4986440470418226,496.1508268066135,49.86440470418226,Medium,Proactive retention outreach
A-e83938,Company_111,DevTools,UK,2023-11-21,other,Pro,31.0,1519.0,18228.0,False,242,3.0,,0.0,True,False,314,1,0.3118255788984209,473.6630543467013,31.182557889842087,Medium,Proactive retention outreach
A-812c5b,Company_395,DevTools,CA,2024-02-25,organic,Basic,55.0,1045.0,12540.0,False,794,4.0,4.0,0.0,False,False,218,0,0.402488950661491,420.60095344125807,40.248895066149096,Medium,Proactive retention outreach
A-3d957b,Company_311,HealthTech,UK,2024-04-04,other,Basic,73.0,1387.0,16644.0,False,129,3.0,3.0,0.0,True,False,179,0,0.3005663175671306,416.8854824656102,30.056631756713063,Medium,Customer satisfaction outreach
A-ac85cd,Company_485,EdTech,US,2024-07-31,partner,Basic,53.0,1007.0,12084.0,False,527,3.0,3.5,0.0,False,False,61,1,0.3973440733344967,400.1254818478382,39.73440733344968,Medium,Proactive retention outreach
A-fa2041,Company_211,HealthTech,US,2024-05-29,organic,Pro,21.0,1029.0,12348.0,False,456,1.0,3.0,0.0,False,False,124,0,0.374976153898373,385.85046236142585,37.4976153898373,Medium,Customer satisfaction outreach
A-82861f,Company_350,DevTools,UK,2024-04-25,organic,Basic,41.0,779.0,9348.0,False,417,4.0,3.25,0.0,False,False,158,0,0.4647848663392424,362.0674108782698,46.47848663392424,Medium,Proactive retention outreach
A-7f29a7,Company_386,Cybersecurity,UK,2024-09-18,event,Basic,41.0,779.0,9348.0,False,570,1.0,4.0,0.0,False,False,12,1,0.454286484178955,353.889171175406,45.42864841789551,Medium,Proactive retention outreach
A-08e34e,Company_32,EdTech,US,2024-06-27,event,Pro,14.0,686.0,8232.0,False,556,3.0,3.0,0.0,False,False,95,0,0.4963481704291556,340.49484491440074,49.63481704291556,Medium,Customer satisfaction outreach
A-b2af2e,Company_227,Cybersecurity,UK,2024-08-24,event,Pro,18.0,882.0,10584.0,False,144,2.0,4.0,0.0,False,False,37,1,0.3806418393193312,335.7261022796501,38.06418393193313,Medium,Product adoption outreach
A-296d7c,Company_182,DevTools,DE,2023-11-08,other,Pro,16.0,784.0,9408.0,False,332,5.0,3.75,0.0,False,False,327,1,0.4129267751728281,323.73459173549725,41.29267751728281,Medium,Proactive retention outreach
A-bd4708,Company_257,FinTech,US,2024-07-21,ads,Basic,37.0,703.0,8436.0,False,553,2.0,4.0,0.0,False,False,71,0,0.4458838566300727,313.4563512109411,44.58838566300727,Medium,Proactive retention outreach
A-2789e3,Company_268,FinTech,US,2024-09-14,partner,Basic,33.0,627.0,7524.0,False,552,1.0,4.0,0.0,False,False,16,0,0.4826435151124622,302.61748397551384,48.26435151124623,Medium,Proactive retention outreach
A-592832,Company_10,Cybersecurity,US,2024-09-25,organic,Basic,35.0,665.0,7980.0,False,941,2.0,5.0,0.0,False,False,5,1,0.4478408530560719,297.8141672822879,44.7840853056072,Medium,Proactive retention outreach
A-781cc0,Company_499,EdTech,US,2024-09-04,organic,Basic,34.0,646.0,7752.0,False,719,3.0,4.0,0.0,True,False,26,1,0.4348885038726373,280.93797350172366,43.48885038726373,Medium,Proactive retention outreach
A-6f8ad2,Company_57,EdTech,IN,2024-07-09,organic,Basic,29.0,551.0,6612.0,False,819,2.0,4.0,0.0,True,False,83,0,0.4963752975550091,273.50278895281,49.63752975550091,Medium,Proactive retention outreach
A-7c83a1,Company_447,Cybersecurity,US,2024-05-06,partner,Pro,12.0,588.0,7056.0,False,550,4.0,4.0,0.0,False,False,147,0,0.4586192553834798,269.6681221654861,45.86192553834798,Medium,Proactive retention outreach
A-a45270,Company_37,HealthTech,US,2024-06-24,ads,Basic,29.0,551.0,6612.0,False,687,2.0,,0.0,True,False,98,1,0.4793841782643017,264.1406822236302,47.93841782643017,Medium,Proactive retention outreach
A-fce879,Company_291,EdTech,UK,2024-09-24,partner,Basic,33.0,627.0,7524.0,False,251,2.0,4.0,0.0,False,False,6,1,0.408220397364658,255.9541891476406,40.82203973646581,Medium,Proactive retention outreach
A-3be56b,Company_200,HealthTech,IN,2023-10-26,event,Basic,37.0,703.0,8436.0,False,472,4.0,3.5,0.0,True,True,340,0,0.3491994453243898,245.48721006304604,34.919944532438976,Medium,Proactive retention outreach
A-dcc2f0,Company_309,FinTech,UK,2023-07-22,organic,Pro,15.0,735.0,8820.0,False,755,2.0,,0.0,True,False,436,0,0.3085025979046364,226.74940945990772,30.85025979046364,Medium,Proactive retention outreach
A-3c1a3f,Company_224,DevTools,UK,2023-08-26,event,Enterprise,3.0,597.0,7164.0,False,414,4.0,3.5,0.0,False,True,401,0,0.3760738887771607,224.51611159996492,37.60738887771607,Medium,Proactive retention outreach
A-241e75,Company_242,EdTech,US,2024-07-03,partner,Pro,13.0,637.0,7644.0,False,227,4.0,4.5,0.0,False,True,89,1,0.3468921078727023,220.9702727149114,34.689210787270234,Medium,Proactive retention outreach
A-600734,Company_327,DevTools,US,2023-11-14,organic,Basic,29.0,551.0,6612.0,False,586,7.0,3.6666666666666665,0.1428571428571428,True,False,321,0,0.396234876256658,218.32541681741856,39.6234876256658,Medium,Proactive retention outreach
A-65c341,Company_308,FinTech,US,2023-12-26,ads,Pro,11.0,539.0,6468.0,False,397,5.0,4.0,0.0,False,False,279,1,0.3895865337840739,209.98714170961583,38.95865337840739,Medium,Proactive retention outreach
A-65a46c,Company_95,HealthTech,US,2023-11-04,event,Pro,13.0,637.0,7644.0,False,286,6.0,3.6666666666666665,0.0,True,False,331,0,0.3294759446073477,209.87617671488047,32.94759446073477,Medium,Proactive retention outreach
A-50f3f7,Company_140,HealthTech,US,2023-12-22,partner,Basic,31.0,589.0,7068.0,False,556,6.0,5.0,0.1666666666666666,False,True,283,0,0.3468720558282556,204.30764088284255,34.68720558282556,Medium,Proactive retention outreach
A-e351e1,Company_62,EdTech,US,2024-09-26,other,Basic,33.0,627.0,7524.0,False,226,2.0,4.0,0.0,False,False,4,1,0.3157725237625116,197.98937239909475,31.57725237625116,Medium,Proactive retention outreach
A-53f4e3,Company_194,Cybersecurity,UK,2024-06-14,event,Basic,22.0,418.0,5016.0,False,352,5.0,4.0,0.0,False,False,108,1,0.4659375283987355,194.76188687067145,46.59375283987355,Medium,Proactive retention outreach
A-c9bb3e,Company_336,EdTech,US,2024-03-24,ads,Pro,10.0,490.0,5880.0,False,457,5.0,4.25,0.2,True,False,190,1,0.3809617885466289,186.67127638784817,38.096178854662895,Medium,Proactive retention outreach
A-bb3bd4,Company_340,HealthTech,US,2024-01-27,ads,Basic,23.0,437.0,5244.0,False,301,9.0,4.6,0.0,True,False,247,0,0.4154106824422262,181.53446822725283,41.541068244222615,Medium,Proactive retention outreach
A-922109,Company_243,Cybersecurity,US,2024-01-26,ads,Pro,8.0,392.0,4704.0,False,723,3.0,3.0,0.0,False,False,248,1,0.4593639374227221,180.07066346970709,45.936393742272216,Medium,Customer satisfaction outreach
A-4ae22a,Company_229,EdTech,US,2024-05-09,other,Basic,28.0,532.0,6384.0,False,308,3.0,3.0,0.0,False,False,144,0,0.3301071882398546,175.61702414360266,33.010718823985464,Medium,Customer satisfaction outreach
A-2f6a32,Company_160,HealthTech,US,2024-08-26,organic,Basic,19.0,361.0,4332.0,False,589,2.0,3.5,0.0,False,False,35,0,0.4859227514867955,175.4181132867332,48.59227514867956,Medium,Proactive retention outreach
A-d42431,Company_378,FinTech,FR,2024-06-09,ads,Basic,22.0,418.0,5016.0,False,410,4.0,4.0,0.0,True,True,113,1,0.4190185665837022,175.14976083198752,41.90185665837022,Medium,Proactive retention outreach
A-cea1f0,Company_273,FinTech,US,2024-04-07,event,Pro,8.0,392.0,4704.0,False,489,4.0,4.5,0.0,False,True,176,0,0.4428459164889978,173.59559926368715,44.28459164889978,Medium,Proactive retention outreach
A-f6b2fb,Company_418,DevTools,AU,2024-04-23,event,Basic,23.0,437.0,5244.0,False,488,5.0,4.0,0.2,True,True,160,0,0.3825448430204844,167.1720963999517,38.25448430204844,Medium,Proactive retention outreach
A-cc8c8f,Company_482,DevTools,US,2024-06-16,ads,Basic,23.0,437.0,5244.0,False,239,2.0,3.5,0.0,True,False,106,0,0.3745215202771853,163.66590436112998,37.45215202771853,Medium,Proactive retention outreach
A-202b67,Company_305,HealthTech,US,2024-03-22,organic,Pro,11.0,539.0,6468.0,False,354,4.0,4.666666666666667,0.0,True,False,192,0,0.3034754991976208,163.5732940675176,30.34754991976208,Medium,Proactive retention outreach
A-5f7781,Company_483,DevTools,US,2024-08-20,other,Basic,22.0,418.0,5016.0,False,169,2.0,4.0,0.0,True,False,41,1,0.3878183347765796,162.10806393661028,38.78183347765796,Medium,Product adoption outreach
A-50bb9f,Company_373,Cybersecurity,US,2024-07-12,organic,Pro,7.0,343.0,4116.0,False,255,7.0,4.0,0.0,True,False,80,0,0.4392669432293043,150.66856152765138,43.92669432293043,Medium,Proactive retention outreach
A-c16101,Company_139,EdTech,IN,2024-09-06,other,Basic,16.0,304.0,3648.0,False,456,3.0,5.0,0.0,True,True,24,1,0.4869875493634848,148.04421500649937,48.69875493634848,Medium,Proactive retention outreach
A-65aeb5,Company_120,DevTools,US,2024-01-25,partner,Pro,9.0,441.0,5292.0,False,468,2.0,5.0,0.0,False,True,249,1,0.31797031779463,140.22491014743184,31.797031779463005,Medium,Proactive retention outreach
A-4e631b,Company_298,FinTech,US,2024-03-16,other,Basic,22.0,418.0,5016.0,False,425,2.0,4.0,0.0,True,False,198,0,0.3345833717998413,139.85584941233367,33.458337179984134,Medium,Proactive retention outreach
A-249769,Company_214,Cybersecurity,US,2024-04-25,event,Basic,21.0,399.0,4788.0,False,556,1.0,3.0,0.0,False,False,158,1,0.3411145527518353,136.1047065479823,34.11145527518353,Medium,Customer satisfaction outreach
A-503d5a,Company_99,FinTech,US,2023-10-21,other,Pro,6.0,294.0,3528.0,False,455,7.0,4.0,0.0,False,True,345,0,0.4451890284817598,130.88557437363738,44.51890284817598,Medium,Proactive retention outreach
A-186a44,Company_101,HealthTech,US,2023-08-07,ads,Basic,20.0,380.0,4560.0,False,522,6.0,3.333333333333333,0.0,False,True,420,0,0.3345433841413714,127.12648597372116,33.45433841413715,Medium,Proactive retention outreach
A-2edab2,Company_301,HealthTech,US,2023-11-17,event,Basic,17.0,323.0,3876.0,False,427,4.0,3.0,0.0,True,False,318,0,0.3333110280519734,107.6594620607874,33.33110280519734,Medium,Customer satisfaction outreach
A-659280,Company_417,FinTech,IN,2023-11-17,event,Basic,13.0,247.0,2964.0,False,525,4.0,4.333333333333333,0.0,True,False,318,1,0.4013693798973782,99.13823683465245,40.136937989737824,Medium,Proactive retention outreach
A-6da850,Company_293,FinTech,IN,2023-10-07,organic,Pro,5.0,245.0,2940.0,False,683,3.0,,0.0,True,True,359,1,0.4036638005952859,98.89763114584504,40.3663800595286,Medium,Proactive retention outreach
A-3cc791,Company_423,EdTech,US,2024-01-10,other,Pro,6.0,294.0,3528.0,False,403,5.0,4.25,0.2,False,False,264,1,0.3206518430079422,94.27164184433502,32.06518430079422,Medium,Proactive retention outreach
A-4e960a,Company_277,FinTech,US,2024-01-17,other,Basic,12.0,228.0,2736.0,False,414,5.0,4.0,0.0,False,True,257,0,0.4001773290015835,91.24043101236104,40.01773290015835,Medium,Proactive retention outreach
A-b9eed8,Company_189,Cybersecurity,US,2024-02-23,organic,Basic,14.0,266.0,3192.0,False,540,5.0,3.75,0.2,False,True,220,0,0.3298775448677756,87.74742693482831,32.98775448677756,Medium,Proactive retention outreach
A-0158bb,Company_461,FinTech,DE,2024-05-22,partner,Basic,9.0,171.0,2052.0,False,339,1.0,3.0,0.0,False,False,131,0,0.4724706399757438,80.7924794358522,47.24706399757439,Medium,Customer satisfaction outreach
A-3ce5b8,Company_256,FinTech,IN,2023-09-07,ads,Basic,8.0,152.0,1824.0,False,455,8.0,4.0,0.0,False,False,389,0,0.4953155404717126,75.28796215170031,49.53155404717126,Medium,Proactive retention outreach
A-751bd4,Company_408,Cybersecurity,UK,2024-07-12,partner,Basic,10.0,190.0,2280.0,False,62,4.0,4.0,0.25,False,False,80,0,0.3906324907949416,74.22017325103891,39.06324907949417,Medium,Product adoption outreach
A-ccabf0,Company_471,HealthTech,IN,2023-11-06,organic,Enterprise,1.0,199.0,2388.0,False,430,4.0,3.6666666666666665,0.0,False,True,329,1,0.3643312431937863,72.50191739556348,36.43312431937864,Medium,Proactive retention outreach
A-098560,Company_349,DevTools,UK,2023-10-21,ads,Basic,7.0,133.0,1596.0,False,491,1.0,3.0,1.0,True,False,345,0,0.3522991007707418,46.85578040250866,35.22991007707418,Medium,Priority support intervention
A-f51f16,Company_282,HealthTech,US,2023-12-25,partner,Basic,2.0,38.0,456.0,False,346,4.0,3.0,0.0,True,False,280,1,0.3926415980343604,14.920380725305694,39.26415980343604,Medium,Customer satisfaction outreach
A-42e5e1,Company_118,DevTools,US,2024-07-09,ads,Basic,1.0,19.0,228.0,False,345,3.0,4.0,0.0,True,True,83,1,0.4878585355624983,9.26931217568747,48.78585355624983,Medium,Proactive retention outreach
A-832ec2,Company_19,FinTech,UK,2023-11-19,event,Pro,6.0,0.0,0.0,True,425,3.0,4.0,0.3333333333333333,True,False,316,0,0.3749279848439699,0.0,37.492798484396985,Medium,Priority support intervention
A-e40f45,Company_317,HealthTech,US,2024-04-18,organic,Pro,21.0,0.0,0.0,True,317,7.0,4.333333333333333,0.0,True,False,165,1,0.4046714330111828,0.0,40.46714330111828,Medium,Proactive retention outreach
A-ba6516,Company_154,FinTech,US,2023-10-29,ads,Pro,35.0,0.0,0.0,True,585,5.0,4.0,0.0,True,True,337,0,0.3559140352362169,0.0,35.59140352362169,Medium,Proactive retention outreach
A-afa505,Company_157,DevTools,US,2023-12-27,partner,Pro,70.0,0.0,0.0,True,414,4.0,3.0,0.25,True,True,278,0,0.3158221104288223,0.0,31.58221104288223,Medium,Customer satisfaction outreach
A-625d0b,Company_290,EdTech,AU,2024-09-02,ads,Basic,9.0,0.0,0.0,True,432,4.0,3.0,0.0,False,False,28,0,0.4480427233504674,0.0,44.80427233504674,Medium,Customer satisfaction outreach
A-4437e4,Company_192,Cybersecurity,US,2023-09-16,event,Pro,4.0,0.0,0.0,True,738,4.0,3.0,0.5,True,False,380,0,0.3631909856233834,0.0,36.31909856233834,Medium,Priority support intervention
A-692f18,Company_195,EdTech,US,2024-03-28,other,Pro,9.0,0.0,0.0,True,776,1.0,5.0,0.0,True,True,186,1,0.3451738203090553,0.0,34.51738203090554,Medium,Proactive retention outreach
A-f45426,Company_172,HealthTech,US,2024-08-05,organic,Enterprise,9.0,0.0,0.0,True,501,3.0,4.0,0.0,False,True,56,1,0.4614657268909035,0.0,46.14657268909035,Medium,Proactive retention outreach
A-adc1f3,Company_98,Cybersecurity,US,2024-08-05,organic,Basic,16.0,0.0,0.0,True,280,3.0,3.5,0.0,False,False,56,0,0.323061255045196,0.0,32.306125504519606,Medium,Proactive retention outreach
A-104f1a,Company_89,Cybersecurity,US,2024-08-17,other,Pro,45.0,0.0,0.0,True,373,4.0,3.75,0.25,False,False,44,1,0.4101602667833677,0.0,41.01602667833677,Medium,Proactive retention outreach
A-7c5768,Company_407,HealthTech,UK,2024-03-02,event,Pro,6.0,0.0,0.0,True,406,3.0,5.0,0.0,False,False,212,0,0.3942558117543263,0.0,39.42558117543263,Medium,Proactive retention outreach
A-016043,Company_405,EdTech,CA,2024-07-31,organic,Enterprise,12.0,0.0,0.0,True,427,2.0,4.0,0.0,True,False,61,0,0.3270377247022312,0.0,32.70377247022312,Medium,Proactive retention outreach
A-940b8b,Company_398,HealthTech,DE,2024-03-19,organic,Enterprise,10.0,0.0,0.0,True,351,2.0,4.0,0.0,True,True,195,0,0.3086214355482049,0.0,30.86214355482049,Medium,Proactive retention outreach
A-02cd81,Company_76,HealthTech,IN,2024-03-28,other,Basic,44.0,0.0,0.0,True,624,3.0,4.5,0.3333333333333333,False,False,186,0,0.4414058156747438,0.0,44.14058156747439,Medium,Priority support intervention
A-1e1b80,Company_416,FinTech,CA,2023-09-12,other,Enterprise,50.0,0.0,0.0,True,591,6.0,3.2,0.0,False,False,384,1,0.3700077398653983,0.0,37.00077398653983,Medium,Proactive retention outreach
A-c45b23,Company_75,FinTech,UK,2023-12-08,partner,Pro,25.0,0.0,0.0,True,537,2.0,3.0,0.0,False,False,297,0,0.4558914446099901,0.0,45.58914446099901,Medium,Customer satisfaction outreach
A-726cfa,Company_82,DevTools,US,2023-07-01,partner,Enterprise,11.0,0.0,0.0,True,880,3.0,4.0,0.0,True,False,457,0,0.3591274902657328,0.0,35.91274902657328,Medium,Proactive retention outreach
A-59f724,Company_432,HealthTech,US,2023-11-03,other,Basic,3.0,0.0,0.0,True,617,3.0,4.333333333333333,0.0,True,False,332,0,0.333843059660727,0.0,33.3843059660727,Medium,Proactive retention outreach
A-716841,Company_437,FinTech,US,2024-05-06,other,Pro,45.0,0.0,0.0,True,318,5.0,4.0,0.0,False,False,147,1,0.4079303102805462,0.0,40.79303102805462,Medium,Proactive retention outreach
A-9badbd,Company_63,Cybersecurity,DE,2024-06-19,ads,Enterprise,20.0,0.0,0.0,True,647,4.0,5.0,0.0,False,False,103,0,0.4753416775232337,0.0,47.53416775232337,Medium,Proactive retention outreach
A-44dc83,Company_35,EdTech,FR,2024-05-12,other,Basic,17.0,0.0,0.0,True,236,7.0,4.6,0.0,False,False,141,1,0.3295351927322527,0.0,32.95351927322527,Medium,Proactive retention outreach
A-2d4502,Company_45,FinTech,IN,2024-04-29,event,Basic,67.0,0.0,0.0,True,446,3.0,5.0,0.0,True,False,154,0,0.3202106661772945,0.0,32.02106661772945,Medium,Proactive retention outreach
A-b2225d,Company_50,FinTech,US,2024-03-08,ads,Basic,47.0,0.0,0.0,True,615,2.0,3.0,0.0,True,True,206,0,0.388695666668465,0.0,38.8695666668465,Medium,Customer satisfaction outreach
A-eb7c38,Company_47,DevTools,AU,2024-02-25,organic,Basic,23.0,0.0,0.0,True,608,5.0,4.333333333333333,0.0,True,True,218,0,0.315969011408686,0.0,31.596901140868606,Medium,Proactive retention outreach
A-31ab9a,Company_460,FinTech,DE,2024-03-03,organic,Pro,19.0,0.0,0.0,True,311,6.0,3.6666666666666665,0.0,False,False,211,0,0.4434374467268601,0.0,44.343744672686014,Medium,Proactive retention outreach
A-5c046d,Company_130,EdTech,FR,2024-07-06,partner,Enterprise,93.0,18507.0,222084.0,False,433,1.0,3.0,0.0,False,False,86,0,0.2442491580826356,4520.319168635338,24.424915808263567,Low,Customer satisfaction outreach
A-5a215a,Company_358,EdTech,FR,2024-01-05,other,Enterprise,87.0,17313.0,207756.0,False,709,3.0,4.0,0.0,True,False,269,0,0.2159804885366099,3739.2701980343286,21.598048853661,Low,Proactive retention outreach
A-1f7acb,Company_281,FinTech,UK,2023-08-06,ads,Enterprise,64.0,12736.0,152832.0,False,478,6.0,4.4,0.0,True,True,421,0,0.2934559105677815,3737.454476991265,29.345591056778147,Low,Proactive retention outreach
A-09316c,Company_341,FinTech,AU,2024-09-11,organic,Enterprise,70.0,13930.0,167160.0,False,511,2.0,4.5,0.5,False,False,19,1,0.253260605293015,3527.9202317316995,25.326060529301504,Low,Priority support intervention
A-c58f49,Company_480,EdTech,US,2024-07-31,other,Enterprise,70.0,13930.0,167160.0,False,319,3.0,5.0,0.3333333333333333,False,False,61,0,0.2353662815003994,3278.6523013005644,23.536628150039945,Low,Priority support intervention
A-5b1bcd,Company_166,DevTools,US,2023-09-16,organic,Enterprise,73.0,14527.0,174324.0,False,754,3.0,4.0,0.0,True,False,380,0,0.2239466763295806,3253.2733670398184,22.39466763295807,Low,Proactive retention outreach
A-544d0a,Company_153,DevTools,US,2024-05-02,organic,Enterprise,64.0,12736.0,152832.0,False,416,2.0,4.0,0.5,False,True,151,0,0.2513661386391239,3201.3991417078823,25.136613863912395,Low,Priority support intervention
A-855a48,Company_389,EdTech,US,2023-12-22,partner,Enterprise,60.0,11940.0,143280.0,False,436,5.0,3.6666666666666665,0.0,False,True,283,0,0.2585873073582148,3087.5324498570853,25.858730735821485,Low,Proactive retention outreach
A-ccb686,Company_491,DevTools,US,2024-01-22,other,Enterprise,53.0,10547.0,126564.0,False,560,1.0,4.0,0.0,True,True,252,1,0.2874200506692175,3031.419274408237,28.74200506692176,Low,Proactive retention outreach
A-2e3bad,Company_108,FinTech,CA,2023-08-13,other,Enterprise,61.0,12139.0,145668.0,False,403,5.0,3.5,0.0,False,False,414,0,0.245563982773958,2980.901186893077,24.556398277395804,Low,Proactive retention outreach
A-7f6b86,Company_299,HealthTech,US,2023-08-24,partner,Enterprise,59.0,11741.0,140892.0,False,387,5.0,3.5,0.0,True,False,403,0,0.2324198489033007,2728.8414459736537,23.24198489033007,Low,Proactive retention outreach
A-81edc3,Company_236,Cybersecurity,IN,2023-10-30,ads,Enterprise,44.0,8756.0,105072.0,False,604,3.0,4.0,0.0,True,False,336,1,0.2965601904285213,2596.6810273921324,29.65601904285213,Low,Proactive retention outreach
A-c16b88,Company_431,HealthTech,US,2023-12-02,event,Enterprise,45.0,8955.0,107460.0,False,447,3.0,3.0,0.0,False,False,303,0,0.2884129083567127,2582.7375943343623,28.84129083567127,Low,Customer satisfaction outreach
A-20736a,Company_271,EdTech,IN,2024-03-16,organic,Enterprise,50.0,9950.0,119400.0,False,406,2.0,4.0,0.0,False,False,198,0,0.2388849177162346,2376.9049312765346,23.888491771623464,Low,Proactive retention outreach
A-fa3095,Company_174,FinTech,US,2023-09-03,ads,Enterprise,70.0,13930.0,167160.0,False,504,3.0,5.0,0.0,False,False,393,0,0.1520244432590308,2117.7004945983,15.202444325903086,Low,Proactive retention outreach
A-faa28c,Company_91,HealthTech,US,2024-01-30,organic,Enterprise,48.0,9552.0,114624.0,False,495,3.0,4.666666666666667,0.3333333333333333,True,False,244,0,0.2116829197252894,2021.995249215965,21.168291972528948,Low,Priority support intervention
A-e61e98,Company_115,FinTech,US,2023-10-20,partner,Enterprise,34.0,6766.0,81192.0,False,509,5.0,4.6,0.2,True,False,346,1,0.2949049174579871,1995.3266715207403,29.490491745798707,Low,Proactive retention outreach
A-98a59a,Company_80,FinTech,UK,2023-08-04,partner,Enterprise,56.0,11144.0,133728.0,False,405,2.0,5.0,0.0,True,True,423,0,0.1677638605104988,1869.5604615289997,16.776386051049887,Low,Proactive retention outreach
A-34d880,Company_207,Cybersecurity,AU,2024-04-11,ads,Enterprise,35.0,6965.0,83580.0,False,411,3.0,3.0,0.0,False,False,172,1,0.2644395806253369,1841.821679055472,26.443958062533696,Low,Customer satisfaction outreach
A-f25509,Company_92,EdTech,US,2024-03-22,other,Enterprise,32.0,6368.0,76416.0,False,202,6.0,4.666666666666667,0.0,False,False,192,1,0.2668008999959346,1698.988131174112,26.680089999593463,Low,Proactive retention outreach
A-c222ab,Company_206,Cybersecurity,US,2024-05-10,other,Enterprise,32.0,6368.0,76416.0,False,350,1.0,,0.0,False,False,143,1,0.249390230089166,1588.116985207809,24.9390230089166,Low,Proactive retention outreach
A-71615e,Company_167,EdTech,US,2024-05-18,organic,Enterprise,32.0,6368.0,76416.0,False,524,1.0,,0.0,True,False,135,0,0.2410585381946645,1535.0607712236238,24.105853819466454,Low,Proactive retention outreach
A-96e141,Company_134,DevTools,UK,2023-08-12,partner,Enterprise,25.0,4975.0,59700.0,False,301,5.0,4.333333333333333,0.0,False,False,415,0,0.298532064640144,1485.1970215847166,29.8532064640144,Low,Proactive retention outreach
A-970c97,Company_477,HealthTech,DE,2024-03-01,other,Enterprise,28.0,5572.0,66864.0,False,366,1.0,5.0,0.0,False,True,213,0,0.2622635209067186,1461.3323384922362,26.226352090671863,Low,Proactive retention outreach
A-56962b,Company_177,EdTech,UK,2024-04-09,partner,Pro,163.0,7987.0,95844.0,False,214,4.0,3.0,0.0,True,False,174,0,0.1767432592542587,1411.6484116637646,17.674325925425872,Low,Customer satisfaction outreach
A-94d3da,Company_61,HealthTech,US,2023-05-03,other,Enterprise,41.0,8159.0,97908.0,False,413,4.0,3.6666666666666665,0.0,True,False,516,0,0.1654743969298517,1350.10560455066,16.54743969298517,Low,Proactive retention outreach
A-9f9299,Company_133,FinTech,US,2023-09-02,organic,Enterprise,28.0,5572.0,66864.0,False,676,3.0,,0.0,False,False,394,1,0.2385610054963505,1329.2619226256654,23.856100549635052,Low,Proactive retention outreach
A-00bed1,Company_306,Cybersecurity,US,2023-11-14,ads,Enterprise,28.0,5572.0,66864.0,False,462,4.0,4.0,0.0,True,False,321,0,0.237336117872015,1322.436848782868,23.733611787201507,Low,Proactive retention outreach
A-de58ca,Company_212,HealthTech,DE,2023-04-13,organic,Enterprise,36.0,7164.0,85968.0,False,463,4.0,3.0,0.0,False,False,536,0,0.1842075488749939,1319.6628801404568,18.420754887499395,Low,Customer satisfaction outreach
A-eb2fdc,Company_216,DevTools,AU,2023-11-21,organic,Enterprise,31.0,6169.0,74028.0,False,465,5.0,4.5,0.0,False,False,314,0,0.2010790227095063,1240.4564910949448,20.107902270950635,Low,Proactive retention outreach
A-2ebb4b,Company_334,HealthTech,US,2023-05-15,ads,Enterprise,41.0,8159.0,97908.0,False,413,2.0,3.0,0.0,True,False,504,1,0.1497811646577887,1222.064522442898,14.978116465778871,Low,Customer satisfaction outreach
A-2446e3,Company_241,EdTech,IN,2024-01-10,organic,Enterprise,27.0,5373.0,64476.0,False,410,2.0,4.0,0.0,False,True,264,0,0.2271494638672485,1220.4740693587264,22.71494638672485,Low,Proactive retention outreach
A-d77f4c,Company_470,DevTools,US,2023-09-25,partner,Enterprise,22.0,4378.0,52536.0,False,563,2.0,4.0,0.0,True,True,371,1,0.2761609305373787,1209.032553892644,27.616093053737877,Low,Proactive retention outreach
A-bb1eaa,Company_468,Cybersecurity,US,2024-06-11,organic,Enterprise,21.0,4179.0,50148.0,False,135,6.0,4.5,0.0,False,True,111,0,0.2714137836165896,1134.238201733728,27.14137836165896,Low,Product adoption outreach
A-3932db,Company_144,HealthTech,CA,2023-10-04,other,Enterprise,19.0,3781.0,45372.0,False,335,6.0,4.333333333333333,0.0,True,True,362,0,0.2965562983013414,1121.279363877372,29.65562983013414,Low,Proactive retention outreach
A-bece89,Company_128,Cybersecurity,IN,2023-12-01,event,Enterprise,26.0,5174.0,62088.0,False,132,4.0,4.0,0.25,True,False,304,0,0.212674658076957,1100.378680890176,21.267465807695707,Low,Product adoption outreach
A-55f257,Company_496,FinTech,US,2023-12-21,organic,Enterprise,21.0,4179.0,50148.0,False,364,6.0,5.0,0.0,True,False,284,0,0.2614165390400578,1092.4597166484018,26.141653904005786,Low,Proactive retention outreach
A-1986ca,Company_197,HealthTech,IN,2023-01-30,ads,Enterprise,20.0,3980.0,47760.0,False,325,7.0,3.4,0.0,True,False,609,0,0.2474454515296251,984.832897087908,24.744545152962512,Low,Proactive retention outreach
A-40906c,Company_235,EdTech,US,2024-03-27,ads,Pro,92.0,4508.0,54096.0,False,612,2.0,4.0,0.0,False,False,187,0,0.2163860884687335,975.4684868170508,21.638608846873357,Low,Proactive retention outreach
A-075038,Company_397,HealthTech,UK,2023-05-12,ads,Enterprise,17.0,3383.0,40596.0,False,654,1.0,3.0,0.0,True,False,507,0,0.2748179114815776,929.7089945421772,27.481791148157765,Low,Customer satisfaction outreach
A-9bfc9f,Company_228,DevTools,CA,2023-09-14,ads,Pro,60.0,2940.0,35280.0,False,357,6.0,3.333333333333333,0.1666666666666666,True,True,382,0,0.2878524784510641,846.2862866461286,28.78524784510641,Low,Proactive retention outreach
A-508199,Company_208,FinTech,AU,2024-01-28,event,Enterprise,19.0,3781.0,45372.0,False,183,3.0,3.0,0.0,False,False,246,0,0.2228260912017859,842.5054508339526,22.28260912017859,Low,Customer satisfaction outreach
A-a2485e,Company_467,FinTech,US,2024-08-04,event,Pro,68.0,3332.0,39984.0,False,267,0.0,,0.0,False,True,57,0,0.2469777247873901,822.929778991584,24.69777247873901,Low,Proactive retention outreach
A-8adedc,Company_300,EdTech,US,2024-02-11,event,Pro,68.0,3332.0,39984.0,False,546,4.0,4.0,0.0,False,False,232,0,0.2469538232330287,822.8501390124517,24.695382323302876,Low,Proactive retention outreach
A-84ebe4,Company_68,FinTech,US,2023-03-12,ads,Enterprise,45.0,8955.0,107460.0,False,317,2.0,4.0,0.0,False,False,568,0,0.0871768649499244,780.6688256265738,8.71768649499245,Low,Proactive retention outreach
A-d5a319,Company_158,FinTech,US,2023-05-04,other,Enterprise,31.0,6169.0,74028.0,False,477,1.0,4.0,1.0,True,True,515,0,0.1164531243908889,718.3993243673939,11.645312439088894,Low,Priority support intervention
A-96bbc6,Company_342,Cybersecurity,US,2024-05-07,organic,Pro,64.0,3136.0,37632.0,False,340,3.0,3.333333333333333,0.0,True,False,146,1,0.2238498699997547,701.993192319231,22.384986999975474,Low,Proactive retention outreach
A-6dee43,Company_478,FinTech,UK,2023-08-12,other,Pro,55.0,2695.0,32340.0,False,437,4.0,4.333333333333333,0.0,True,False,415,0,0.2546830251364265,686.3707527426694,25.468302513642648,Low,Proactive retention outreach
A-5a184f,Company_124,DevTools,DE,2023-06-19,other,Enterprise,14.0,2786.0,33432.0,False,471,3.0,4.333333333333333,0.0,False,True,469,0,0.2462290527900352,685.9941410730381,24.62290527900352,Low,Proactive retention outreach
A-51ec1b,Company_247,DevTools,US,2023-11-08,ads,Enterprise,18.0,3582.0,42984.0,False,273,3.0,5.0,0.3333333333333333,True,True,327,0,0.1907082129520108,683.1168187941028,19.07082129520108,Low,Priority support intervention
A-3793ee,Company_332,Cybersecurity,CA,2023-03-21,organic,Enterprise,49.0,9751.0,117012.0,False,308,4.0,4.0,0.0,True,True,559,0,0.0672989118479023,656.231689428896,6.729891184790236,Low,Proactive retention outreach
A-a0ca4e,Company_6,Cybersecurity,US,2024-03-08,ads,Pro,49.0,2401.0,28812.0,False,311,5.0,3.8,0.6,False,False,206,0,0.2642603772801322,634.4891658495975,26.426037728013224,Low,Priority support intervention
A-a8b49c,Company_72,Cybersecurity,UK,2023-10-06,partner,Enterprise,12.0,2388.0,28656.0,False,496,1.0,4.0,0.0,False,False,360,0,0.2424301544232709,578.9232087627711,24.243015442327096,Low,Proactive retention outreach
A-9289f6,Company_104,EdTech,US,2023-05-31,event,Enterprise,17.0,3383.0,40596.0,False,555,4.0,4.0,0.0,True,False,488,0,0.1638964337436652,554.4616353548196,16.38964337436653,Low,Proactive retention outreach
A-e7beab,Company_458,EdTech,DE,2023-10-20,organic,Pro,57.0,2793.0,33516.0,False,356,6.0,4.0,0.0,False,False,346,0,0.1942064419043945,542.418592238974,19.420644190439457,Low,Proactive retention outreach
A-ffdfd5,Company_365,EdTech,US,2024-04-13,organic,Pro,92.0,4508.0,54096.0,False,439,0.0,,0.0,True,False,170,0,0.1147109735713104,517.1170688594676,11.471097357131049,Low,Proactive retention outreach
A-712533,Company_498,EdTech,US,2023-07-31,organic,Enterprise,18.0,3582.0,42984.0,False,480,3.0,3.6666666666666665,0.0,False,False,427,0,0.1417457565894561,507.73330010343193,14.174575658945615,Low,Proactive retention outreach
A-794a0b,Company_168,HealthTech,DE,2023-06-02,organic,Enterprise,31.0,6169.0,74028.0,False,255,0.0,,0.0,False,False,486,0,0.0820696634670603,506.2877539282951,8.20696634670603,Low,Proactive retention outreach
A-ee42db,Company_77,EdTech,DE,2023-04-25,ads,Enterprise,13.0,2587.0,31044.0,False,391,4.0,3.0,0.0,True,True,524,1,0.1907368394632434,493.4362036914108,19.073683946324344,Low,Customer satisfaction outreach
A-67be94,Company_276,EdTech,US,2023-04-04,organic,Enterprise,52.0,10348.0,124176.0,False,346,3.0,5.0,0.0,False,False,545,0,0.0465275128907503,481.466703393485,4.652751289075038,Low,Proactive retention outreach
A-df1e44,Company_323,Cybersecurity,UK,2024-02-23,organic,Enterprise,12.0,2388.0,28656.0,False,361,1.0,5.0,0.0,True,True,220,1,0.1942571839036393,463.88615516189066,19.42571839036393,Low,Proactive retention outreach
A-ed510f,Company_361,Cybersecurity,IN,2023-01-17,partner,Pro,42.0,2058.0,24696.0,False,399,9.0,4.0,0.0,True,False,622,0,0.2163405483474617,445.22884849907626,21.634054834746173,Low,Proactive retention outreach
A-acb7f7,Company_330,EdTech,US,2024-01-06,ads,Pro,32.0,1568.0,18816.0,False,466,3.0,3.5,0.0,True,False,268,0,0.2669790029992793,418.6230767028701,26.69790029992793,Low,Proactive retention outreach
A-856b1e,Company_161,FinTech,US,2023-10-31,partner,Pro,36.0,1764.0,21168.0,False,180,5.0,,0.2,True,False,335,0,0.2343215490695544,413.34321255869406,23.432154906955446,Low,Product adoption outreach
A-ae052e,Company_132,FinTech,CA,2023-09-11,other,Pro,39.0,1911.0,22932.0,False,273,4.0,4.0,0.0,True,True,385,1,0.2126071390764768,406.2922427751472,21.260713907647684,Low,Proactive retention outreach
A-eb7fac,Company_28,DevTools,US,2023-10-28,organic,Enterprise,7.0,1393.0,16716.0,False,484,4.0,4.0,0.0,False,False,338,0,0.2888487082764205,402.36625062905387,28.884870827642057,Low,Proactive retention outreach
A-42b791,Company_464,FinTech,AU,2024-05-20,event,Pro,29.0,1421.0,17052.0,False,277,3.0,4.0,0.0,False,False,133,0,0.2724137345739292,387.0999168295534,27.24137345739292,Low,Proactive retention outreach
A-9c18c4,Company_481,HealthTech,US,2023-07-27,ads,Enterprise,11.0,2189.0,26268.0,False,469,3.0,5.0,0.0,True,False,431,0,0.1768173157035611,387.0531040750953,17.681731570356114,Low,Proactive retention outreach
A-e43bf7,Company_215,Cybersecurity,AU,2023-03-24,other,Enterprise,44.0,8756.0,105072.0,False,333,3.0,5.0,0.3333333333333333,True,False,556,0,0.0433459107621961,379.5367946337898,4.334591076219619,Low,Priority support intervention
A-b20d99,Company_29,HealthTech,IN,2023-09-27,other,Pro,27.0,1323.0,15876.0,False,329,2.0,3.5,0.0,False,False,369,0,0.2835784301205657,375.1742630495085,28.357843012056577,Low,Proactive retention outreach
A-977ca0,Company_232,HealthTech,IN,2023-02-20,partner,Pro,35.0,1715.0,20580.0,False,722,2.0,,0.0,True,False,588,0,0.2158104093801127,370.1148520868933,21.581040938011277,Low,Proactive retention outreach
A-331424,Company_246,DevTools,US,2023-11-06,organic,Enterprise,11.0,2189.0,26268.0,False,194,2.0,,0.0,False,False,329,0,0.1632964247757996,357.4558738342255,16.329642477579966,Low,Product adoption outreach
A-30b4ca,Company_23,EdTech,IN,2024-05-20,organic,Basic,86.0,1634.0,19608.0,False,370,3.0,4.0,0.0,False,False,133,0,0.2170351564903761,354.6354457052745,21.70351564903761,Low,Proactive retention outreach
A-ce66f8,Company_17,EdTech,CA,2023-08-23,event,Pro,29.0,1421.0,17052.0,False,434,5.0,3.0,0.0,False,False,404,0,0.246549057433238,350.3462106126313,24.65490574332381,Low,Customer satisfaction outreach
A-52dd88,Company_127,Cybersecurity,US,2023-02-21,ads,Enterprise,23.0,4577.0,54924.0,False,455,1.0,,0.0,False,False,587,0,0.0744465472281361,340.7418466631791,7.444654722813613,Low,Proactive retention outreach
A-1b707d,Company_56,Cybersecurity,US,2023-07-14,organic,Enterprise,19.0,3781.0,45372.0,False,320,2.0,,0.0,False,False,444,0,0.0899480698610532,340.0936521446424,8.994806986105328,Low,Proactive retention outreach
A-a6d261,Company_303,FinTech,CA,2023-11-29,other,Pro,26.0,1274.0,15288.0,False,591,2.0,5.0,0.5,True,False,306,0,0.2669007349401422,340.0315363137412,26.69007349401422,Low,Priority support intervention
A-8ae05d,Company_147,FinTech,IN,2024-04-06,other,Basic,86.0,1634.0,19608.0,False,156,1.0,4.0,0.0,False,False,177,0,0.2022197338553061,330.42704511957027,20.22197338553061,Low,Product adoption outreach
A-6e7827,Company_372,DevTools,US,2023-03-26,other,Enterprise,11.0,2189.0,26268.0,False,370,1.0,3.0,0.0,True,False,554,0,0.1497083813289997,327.7116467291804,14.970838132899972,Low,Customer satisfaction outreach
A-35083d,Company_27,HealthTech,IN,2023-04-28,partner,Pro,25.0,1225.0,14700.0,False,674,4.0,5.0,0.0,True,False,521,0,0.266966763864061,327.0342857334747,26.6966763864061,Low,Proactive retention outreach
A-993085,Company_258,HealthTech,US,2023-06-01,ads,Pro,33.0,1617.0,19404.0,False,613,3.0,4.0,0.0,True,True,487,0,0.200204197802465,323.7301878465859,20.020419780246502,Low,Proactive retention outreach
A-e1462e,Company_217,FinTech,UK,2023-03-12,partner,Pro,46.0,2254.0,27048.0,False,321,2.0,3.5,0.0,True,True,568,1,0.1429223218072597,322.1469133535634,14.29223218072597,Low,Proactive retention outreach
A-068fc6,Company_465,EdTech,US,2023-07-17,event,Pro,35.0,1715.0,20580.0,False,525,5.0,4.333333333333333,0.0,True,False,441,0,0.1746794655933448,299.5752834925865,17.46794655933449,Low,Proactive retention outreach
A-05f0e5,Company_40,FinTech,US,2023-05-04,partner,Pro,32.0,1568.0,18816.0,False,557,3.0,4.0,0.0,True,False,515,1,0.1888012182908607,296.04031028006966,18.880121829086075,Low,Proactive retention outreach
A-089363,Company_387,FinTech,AU,2023-05-06,event,Enterprise,10.0,1990.0,23880.0,False,545,3.0,3.6666666666666665,0.0,True,False,513,0,0.1486002677254281,295.71453277360206,14.860026772542817,Low,Proactive retention outreach
A-54d94a,Company_385,Cybersecurity,IN,2023-05-01,event,Pro,27.0,1323.0,15876.0,False,519,4.0,3.5,0.0,True,True,518,0,0.2182961481406533,288.8058039900844,21.829614814065337,Low,Proactive retention outreach
A-9779ad,Company_171,Cybersecurity,AU,2024-03-29,event,Pro,40.0,1960.0,23520.0,False,353,1.0,,0.0,False,False,185,0,0.1460129031499067,286.18529017381724,14.601290314990676,Low,Proactive retention outreach
A-91e948,Company_88,EdTech,AU,2023-01-29,partner,Enterprise,41.0,8159.0,97908.0,False,364,0.0,,0.0,True,False,610,0,0.0333135812722687,271.805509600441,3.3313581272268777,Low,Proactive retention outreach
A-fd9422,Company_263,Cybersecurity,US,2024-04-04,organic,Basic,58.0,1102.0,13224.0,False,372,5.0,3.4,0.2,True,False,179,0,0.2423398384807001,267.05850200573155,24.23398384807001,Low,Proactive retention outreach
A-c62e55,Company_315,EdTech,US,2023-02-08,partner,Enterprise,15.0,2985.0,35820.0,False,284,4.0,4.0,0.0,True,False,600,0,0.0883259648186142,263.6530049835634,8.83259648186142,Low,Proactive retention outreach
A-342303,Company_294,EdTech,US,2024-03-16,other,Pro,28.0,1372.0,16464.0,False,127,3.0,4.5,0.0,False,False,198,0,0.1885243002658659,258.65533996476813,18.8524300265866,Low,Product adoption outreach
A-cbbe12,Company_450,Cybersecurity,DE,2023-03-22,partner,Pro,49.0,2401.0,28812.0,False,162,6.0,4.25,0.0,True,True,558,0,0.1060450688576109,254.61421032712383,10.604506885761092,Low,Product adoption outreach
A-43a9e3,Company_1,FinTech,IN,2023-08-17,other,Pro,18.0,882.0,10584.0,False,317,3.0,4.0,0.0,True,False,410,0,0.2792016579467303,246.25586230901607,27.92016579467303,Low,Proactive retention outreach
A-6f50ae,Company_466,FinTech,US,2023-09-21,partner,Pro,19.0,931.0,11172.0,False,691,2.0,5.0,0.0,False,True,375,0,0.2644612701208363,246.2134424824986,26.446127012083632,Low,Proactive retention outreach
A-80eeb6,Company_402,Cybersecurity,UK,2023-05-09,organic,Pro,25.0,1225.0,14700.0,False,590,4.0,3.6666666666666665,0.25,True,True,510,0,0.1935122117642204,237.05245941117,19.35122117642204,Low,Proactive retention outreach
A-7df7a7,Company_125,DevTools,US,2023-01-28,organic,Enterprise,7.0,1393.0,16716.0,False,775,3.0,4.0,0.3333333333333333,False,True,611,0,0.1666181338830172,232.09906049904305,16.661813388301724,Low,Priority support intervention
A-180abf,Company_122,DevTools,US,2023-08-14,event,Basic,64.0,1216.0,14592.0,False,453,3.0,3.0,0.0,True,False,413,0,0.1908092367319805,232.0240318660883,19.08092367319805,Low,Customer satisfaction outreach
A-10b8da,Company_9,DevTools,US,2023-05-08,partner,Pro,34.0,1666.0,19992.0,False,201,3.0,3.5,0.0,True,False,511,0,0.138817096981306,231.26928357085592,13.881709698130608,Low,Proactive retention outreach
A-5a3eb9,Company_283,DevTools,CA,2023-08-20,other,Basic,44.0,836.0,10032.0,False,672,3.0,,0.0,False,True,407,0,0.2707892177724385,226.37978605775865,27.078921777243853,Low,Proactive retention outreach
A-1e50e0,Company_415,Cybersecurity,DE,2023-02-21,other,Enterprise,19.0,3781.0,45372.0,False,175,0.0,,0.0,True,False,587,0,0.057978811556658,219.217886495724,5.797881155665803,Low,Product adoption outreach
A-7e0a10,Company_64,FinTech,US,2023-11-18,ads,Basic,46.0,874.0,10488.0,False,431,4.0,4.0,0.0,True,False,317,0,0.250395463844996,218.84563540052656,25.039546384499605,Low,Proactive retention outreach
A-1f0636,Company_368,EdTech,AU,2024-01-01,partner,Basic,105.0,1995.0,23940.0,False,567,2.0,3.5,0.0,True,False,273,0,0.1082173045768763,215.89352263086823,10.82173045768763,Low,Proactive retention outreach
A-ad3abd,Company_410,FinTech,US,2023-03-03,event,Pro,44.0,2156.0,25872.0,False,257,2.0,3.0,0.0,False,False,577,0,0.0949362223800137,204.68249545130973,9.49362223800138,Low,Customer satisfaction outreach
A-151c9a,Company_260,FinTech,US,2023-01-27,ads,Pro,52.0,2548.0,30576.0,False,305,2.0,3.5,0.0,False,True,612,0,0.0795741732328661,202.75499339734284,7.957417323286611,Low,Proactive retention outreach
A-b30291,Company_344,HealthTech,US,2024-04-05,event,Basic,41.0,779.0,9348.0,False,449,1.0,,0.0,False,False,178,0,0.2592268068991447,201.93768257443372,25.922680689914472,Low,Proactive retention outreach
A-c4ea60,Company_18,FinTech,DE,2023-03-09,other,Pro,18.0,882.0,10584.0,False,366,5.0,3.6,0.0,False,True,571,0,0.2271206983443644,200.32045593972944,22.712069834436445,Low,Proactive retention outreach
A-68f37c,Company_202,HealthTech,US,2023-07-15,ads,Pro,15.0,735.0,8820.0,False,565,4.0,4.0,0.0,True,False,443,1,0.2683979071875977,197.2724617828843,26.83979071875977,Low,Proactive retention outreach
A-7c4956,Company_254,DevTools,US,2023-05-06,ads,Enterprise,6.0,1194.0,14328.0,False,400,2.0,4.0,0.0,False,False,513,0,0.1583147287980501,189.02778618487187,15.831472879805014,Low,Proactive retention outreach
A-7641d3,Company_429,EdTech,US,2023-02-16,partner,Pro,61.0,2989.0,35868.0,False,449,4.0,5.0,0.5,False,True,592,0,0.062329521006308,186.3029382878548,6.232952100630806,Low,Priority support intervention
A-f19409,Company_105,DevTools,US,2023-03-16,other,Pro,23.0,1127.0,13524.0,False,556,2.0,,0.0,True,False,564,0,0.1635185505849541,184.2854065092433,16.351855058495413,Low,Proactive retention outreach
A-49b828,Company_391,FinTech,IN,2023-05-05,ads,Pro,14.0,686.0,8232.0,False,603,2.0,4.0,0.0,True,False,514,0,0.2634063481213333,180.69675481123468,26.34063481213333,Low,Proactive retention outreach
A-158f4e,Company_180,FinTech,IN,2023-03-03,other,Basic,61.0,1159.0,13908.0,False,420,5.0,4.333333333333333,0.0,False,False,577,1,0.1555999459529264,180.34033735944175,15.559994595292649,Low,Proactive retention outreach
A-cab532,Company_218,DevTools,FR,2023-04-03,organic,Pro,23.0,1127.0,13524.0,False,883,1.0,4.0,0.0,True,True,546,0,0.1596478450773358,179.92312140215748,15.96478450773358,Low,Proactive retention outreach
A-4ef964,Company_262,HealthTech,US,2024-03-07,organic,Basic,38.0,722.0,8664.0,False,336,2.0,3.0,0.0,False,False,207,0,0.2459679908596813,177.58888940068994,24.596799085968136,Low,Customer satisfaction outreach
A-94c3cd,Company_351,FinTech,CA,2023-09-20,other,Basic,45.0,855.0,10260.0,False,274,4.0,3.5,0.25,False,False,376,0,0.2061725266260486,176.27751026527162,20.61725266260487,Low,Proactive retention outreach
A-ad64c6,Company_175,DevTools,UK,2024-02-23,event,Pro,12.0,588.0,7056.0,False,202,2.0,5.0,0.0,False,False,220,0,0.2997750238059266,176.26771399788484,29.977502380592657,Low,Proactive retention outreach
A-e98302,Company_286,EdTech,US,2023-12-26,ads,Basic,34.0,646.0,7752.0,False,243,8.0,4.166666666666667,0.0,False,False,279,0,0.2695618710811853,174.13696871844573,26.95618710811853,Low,Proactive retention outreach
A-0dbdc6,Company_366,Cybersecurity,DE,2023-02-12,other,Pro,30.0,1470.0,17640.0,False,451,3.0,,0.0,False,False,596,0,0.1183955816225287,174.04150498511717,11.83955816225287,Low,Proactive retention outreach
A-a865bd,Company_297,Cybersecurity,US,2023-09-19,organic,Pro,56.0,2744.0,32928.0,False,167,1.0,,0.0,False,False,377,0,0.0614560651406419,168.63544274592155,6.1456065140641964,Low,Product adoption outreach
A-ccc747,Company_339,HealthTech,FR,2024-01-12,event,Pro,16.0,784.0,9408.0,False,264,4.0,5.0,0.25,True,False,262,0,0.2096092474307951,164.33364998574336,20.960924743079516,Low,Proactive retention outreach
A-4a4c2d,Company_473,DevTools,US,2023-05-02,event,Basic,54.0,1026.0,12312.0,False,533,4.0,4.0,0.0,True,True,517,0,0.1524381387495428,156.40153035703096,15.243813874954284,Low,Proactive retention outreach
A-7920cc,Company_412,Cybersecurity,FR,2023-11-23,ads,Basic,39.0,741.0,8892.0,False,504,5.0,4.333333333333333,0.0,True,False,312,0,0.208494586236148,154.4944884009857,20.8494586236148,Low,Proactive retention outreach
A-cdf020,Company_345,DevTools,AU,2023-08-16,organic,Pro,23.0,1127.0,13524.0,False,334,4.0,4.0,0.0,True,False,411,1,0.1368676919243358,154.24988879872646,13.686769192433582,Low,Proactive retention outreach
A-7f8241,Company_42,EdTech,US,2023-03-14,organic,Pro,34.0,1666.0,19992.0,False,616,1.0,3.0,0.0,True,False,566,0,0.0925573406658643,154.20052954933004,9.255734066586436,Low,Customer satisfaction outreach
A-fdfc91,Company_414,Cybersecurity,US,2023-05-06,ads,Basic,111.0,2109.0,25308.0,False,544,4.0,4.0,0.0,True,False,513,0,0.0718430342076533,151.5169591439409,7.184303420765335,Low,Proactive retention outreach
A-40de06,Company_369,Cybersecurity,US,2023-05-08,event,Basic,60.0,1140.0,13680.0,False,756,3.0,4.0,0.0,True,False,511,0,0.1250255310584915,142.52910540668034,12.502553105849154,Low,Proactive retention outreach
A-f1f639,Company_296,EdTech,US,2023-02-26,ads,Enterprise,9.0,1791.0,21492.0,False,108,6.0,4.75,0.0,True,False,582,0,0.0781033816412902,139.88315651955077,7.810338164129021,Low,Product adoption outreach
A-1619f8,Company_183,DevTools,US,2024-05-20,organic,Basic,29.0,551.0,6612.0,False,387,2.0,5.0,0.0,False,False,133,0,0.2536727816347633,139.7737026807546,25.367278163476332,Low,Proactive retention outreach
A-157070,Company_85,FinTech,US,2023-11-09,ads,Basic,27.0,513.0,6156.0,False,623,2.0,,0.5,True,False,326,1,0.2691747843149468,138.0866643535677,26.91747843149468,Low,Priority support intervention
A-95b24a,Company_117,FinTech,US,2023-06-06,event,Basic,38.0,722.0,8664.0,False,513,5.0,4.25,0.0,True,True,482,0,0.1874996869021546,135.37477394335565,18.749968690215464,Low,Proactive retention outreach
A-bb2f49,Company_356,Cybersecurity,US,2023-05-28,other,Pro,14.0,686.0,8232.0,False,552,3.0,4.0,0.0,True,True,491,0,0.1731972922662123,118.81334249462164,17.31972922662123,Low,Proactive retention outreach
A-9affe6,Company_401,Cybersecurity,US,2023-03-22,other,Pro,17.0,833.0,9996.0,False,405,3.0,3.0,0.0,True,False,558,0,0.1409282544798731,117.3932359817343,14.092825447987313,Low,Customer satisfaction outreach
A-e693b6,Company_240,FinTech,AU,2023-05-25,event,Basic,55.0,1045.0,12540.0,False,638,1.0,3.0,0.0,True,False,494,1,0.1103393963174714,115.30466915175764,11.033939631747144,Low,Customer satisfaction outreach
A-5b051a,Company_181,Cybersecurity,US,2024-08-05,event,Basic,22.0,418.0,5016.0,False,122,1.0,3.0,0.0,False,False,56,0,0.2723098317820243,113.82550968488614,27.23098317820243,Low,Customer satisfaction outreach
A-ac14bb,Company_15,FinTech,US,2023-09-08,partner,Basic,28.0,532.0,6384.0,False,473,2.0,4.0,0.0,True,False,388,1,0.206476956352019,109.84574077927417,20.647695635201902,Low,Proactive retention outreach
A-ac9111,Company_487,HealthTech,US,2023-08-12,event,Basic,28.0,532.0,6384.0,False,710,3.0,5.0,0.0,False,True,415,0,0.2063495202190267,109.7779447565222,20.63495202190267,Low,Proactive retention outreach
A-c1dfe1,Company_53,DevTools,DE,2023-08-07,ads,Basic,26.0,494.0,5928.0,False,343,3.0,4.0,0.0,True,True,420,0,0.220946784091487,109.14771134119462,22.094678409148703,Low,Proactive retention outreach
A-09540c,Company_239,Cybersecurity,CA,2023-10-30,event,Basic,67.0,1273.0,15276.0,False,259,2.0,4.5,0.0,True,True,336,0,0.0850538424180592,108.27354139818948,8.50538424180593,Low,Proactive retention outreach
A-f17767,Company_123,DevTools,US,2023-01-30,event,Pro,12.0,588.0,7056.0,False,662,3.0,4.0,0.3333333333333333,True,True,609,0,0.1766300387726538,103.85846279832045,17.66300387726538,Low,Priority support intervention
A-8ed5dd,Company_222,EdTech,UK,2023-06-29,event,Basic,23.0,437.0,5244.0,False,490,5.0,4.0,0.0,True,False,459,1,0.2273488376931504,99.35144207190672,22.73488376931504,Low,Proactive retention outreach
A-dec005,Company_445,HealthTech,US,2023-10-13,partner,Basic,21.0,399.0,4788.0,False,377,2.0,3.0,0.0,False,False,353,1,0.2488235602709179,99.28060054809627,24.8823560270918,Low,Customer satisfaction outreach
A-b11cd0,Company_439,DevTools,US,2023-01-20,ads,Pro,26.0,1274.0,15288.0,False,259,3.0,5.0,0.0,False,False,619,0,0.0766736698868027,97.68225543578669,7.667366988680273,Low,Proactive retention outreach
A-1b9609,Company_5,EdTech,IN,2023-10-12,ads,Basic,17.0,323.0,3876.0,False,390,3.0,3.0,0.0,False,False,354,1,0.2901936249655401,93.73254086386946,29.019362496554013,Low,Customer satisfaction outreach
A-e36807,Company_164,EdTech,AU,2024-05-17,other,Basic,26.0,494.0,5928.0,False,357,2.0,4.5,0.0,False,False,136,0,0.1853292477262406,91.55264837676286,18.53292477262406,Low,Proactive retention outreach
A-558c72,Company_438,FinTech,US,2023-06-01,organic,Basic,77.0,1463.0,17556.0,False,246,4.0,4.5,0.25,True,False,487,1,0.0624570602569045,91.37467915585135,6.245706025690454,Low,Proactive retention outreach
A-d49cc5,Company_275,Cybersecurity,FR,2023-09-19,event,Basic,50.0,950.0,11400.0,False,375,3.0,4.5,0.0,False,False,377,0,0.0953865838837243,90.61725468953811,9.538658388372436,Low,Proactive retention outreach
A-7988d1,Company_90,Cybersecurity,US,2023-12-20,other,Basic,33.0,627.0,7524.0,False,359,2.0,5.0,0.0,False,False,285,1,0.1420852505387692,89.08745208780829,14.20852505387692,Low,Proactive retention outreach
A-e3bd71,Company_347,Cybersecurity,US,2023-03-25,partner,Basic,41.0,779.0,9348.0,False,518,4.0,4.0,0.0,True,True,555,0,0.113677715570317,88.55494042927697,11.367771557031702,Low,Proactive retention outreach
A-034368,Company_353,EdTech,US,2023-11-05,event,Basic,26.0,494.0,5928.0,False,235,5.0,4.0,0.0,False,False,330,0,0.1746623023964661,86.28317738385428,17.466230239646617,Low,Proactive retention outreach
A-779e4e,Company_193,HealthTech,US,2023-01-02,organic,Basic,98.0,1862.0,22344.0,False,365,4.0,3.6666666666666665,0.0,True,True,637,0,0.0447279612618052,83.28346386948145,4.472796126180529,Low,Proactive retention outreach
A-bbe56f,Company_406,HealthTech,US,2023-02-16,ads,Pro,21.0,1029.0,12348.0,False,210,2.0,4.0,0.0,True,False,592,0,0.0808574802491515,83.20234717637695,8.085748024915155,Low,Proactive retention outreach
A-bad8c1,Company_34,FinTech,AU,2023-03-01,organic,Pro,37.0,1813.0,21756.0,False,332,1.0,4.0,0.0,True,False,579,0,0.0446853182429849,81.01448197453168,4.468531824298493,Low,Proactive retention outreach
A-6e08f3,Company_220,Cybersecurity,US,2023-02-27,event,Pro,18.0,882.0,10584.0,False,388,2.0,3.5,0.0,True,True,581,0,0.0912124264585084,80.44936013640444,9.121242645850844,Low,Proactive retention outreach
A-297a2d,Company_448,HealthTech,UK,2023-05-05,event,Basic,27.0,513.0,6156.0,False,223,2.0,3.0,0.0,True,False,514,0,0.1510657220272681,77.49671539998853,15.10657220272681,Low,Customer satisfaction outreach
A-02fac6,Company_52,FinTech,US,2023-04-06,event,Basic,22.0,418.0,5016.0,False,401,6.0,4.0,0.0,False,False,543,0,0.1807273737510241,75.5440422279281,18.072737375102417,Low,Proactive retention outreach
A-4c6f11,Company_146,FinTech,CA,2023-11-27,organic,Basic,24.0,456.0,5472.0,False,220,3.0,4.333333333333333,0.0,False,True,308,1,0.1636967050213405,74.6456974897313,16.369670502134056,Low,Proactive retention outreach
A-32fb14,Company_25,DevTools,US,2023-03-07,event,Basic,26.0,494.0,5928.0,False,460,5.0,4.5,0.0,True,False,573,0,0.146531298420883,72.38646141991624,14.653129842088308,Low,Proactive retention outreach
A-474ad4,Company_261,EdTech,US,2023-11-28,organic,Pro,8.0,392.0,4704.0,False,528,3.0,5.0,0.3333333333333333,True,True,307,0,0.1778186196576735,69.70489890580804,17.781861965767355,Low,Priority support intervention
A-b9f5b1,Company_494,Cybersecurity,US,2023-01-24,other,Basic,43.0,817.0,9804.0,False,260,5.0,3.2,0.2,False,False,615,0,0.0846513263281312,69.16013361008321,8.465132632813122,Low,Proactive retention outreach
A-45ce7a,Company_31,FinTech,US,2023-07-23,ads,Basic,16.0,304.0,3648.0,False,392,4.0,3.6666666666666665,0.0,True,True,435,0,0.2274853722439844,69.15555316217126,22.74853722439844,Low,Proactive retention outreach
A-df10db,Company_143,DevTools,US,2023-06-06,other,Basic,14.0,266.0,3192.0,False,612,2.0,3.0,0.5,True,False,482,0,0.2526033145836741,67.1924816792573,25.260331458367407,Low,Priority support intervention
A-32728c,Company_54,DevTools,US,2023-01-03,event,Basic,42.0,798.0,9576.0,False,390,2.0,3.5,0.0,True,False,636,0,0.0822641863051749,65.64682067152958,8.226418630517491,Low,Proactive retention outreach
A-00cac8,Company_26,HealthTech,AU,2023-09-15,organic,Pro,8.0,392.0,4704.0,False,555,2.0,,0.0,False,False,381,0,0.1604822387613268,62.90903759444012,16.048223876132685,Low,Proactive retention outreach
A-c7ffc2,Company_392,Cybersecurity,US,2023-01-27,partner,Basic,30.0,570.0,6840.0,False,571,2.0,3.0,0.0,True,False,612,0,0.1090244758269094,62.1439512213384,10.902447582690948,Low,Customer satisfaction outreach
A-6c093d,Company_12,DevTools,US,2023-04-14,partner,Pro,7.0,343.0,4116.0,False,555,3.0,5.0,0.3333333333333333,True,False,535,0,0.1763391333616305,60.484322743039286,17.633913336163058,Low,Priority support intervention
A-328bd0,Company_237,HealthTech,AU,2023-05-16,partner,Basic,18.0,342.0,4104.0,False,494,5.0,3.6666666666666665,0.0,True,False,503,0,0.1740151000247229,59.51316420845524,17.401510002472293,Low,Proactive retention outreach
A-6a4e2d,Company_46,EdTech,UK,2023-04-07,partner,Basic,26.0,494.0,5928.0,False,517,2.0,4.5,0.5,True,True,542,0,0.118104471073165,58.34360871014351,11.8104471073165,Low,Priority support intervention
A-2bc93d,Company_43,HealthTech,US,2023-03-14,event,Basic,29.0,551.0,6612.0,False,577,1.0,4.0,0.0,True,False,566,0,0.1057481851261813,58.26725000452591,10.574818512618132,Low,Proactive retention outreach
A-354f12,Company_201,FinTech,US,2024-04-28,ads,Enterprise,1.0,199.0,2388.0,False,91,2.0,,0.0,False,True,155,0,0.2888319387770809,57.47755581663911,28.88319387770809,Low,Product adoption outreach
A-e5d6ab,Company_7,EdTech,US,2023-04-15,partner,Basic,39.0,741.0,8892.0,False,289,3.0,,0.0,False,False,534,0,0.0764384483548364,56.64089023093381,7.643844835483645,Low,Proactive retention outreach
A-9123ac,Company_219,Cybersecurity,DE,2023-06-20,organic,Pro,9.0,441.0,5292.0,False,303,4.0,4.666666666666667,0.0,False,True,468,1,0.1257250070246253,55.44472809785977,12.572500702462532,Low,Proactive retention outreach
A-8b25f2,Company_96,Cybersecurity,US,2024-02-17,ads,Basic,10.0,190.0,2280.0,False,489,2.0,4.0,0.0,True,False,226,0,0.2755602181058058,52.3564414401031,27.556021810580575,Low,Proactive retention outreach
A-a7bd4b,Company_363,Cybersecurity,US,2023-02-15,ads,Basic,18.0,342.0,4104.0,False,504,5.0,3.333333333333333,0.0,True,False,593,1,0.1484499537951564,50.76988419794351,14.844995379515646,Low,Proactive retention outreach
A-af0cd2,Company_204,Cybersecurity,IN,2023-01-03,other,Basic,19.0,361.0,4332.0,False,568,3.0,,0.0,True,False,636,0,0.1394473565625217,50.34049571907035,13.944735656252174,Low,Proactive retention outreach
A-a1bbb6,Company_74,DevTools,CA,2023-04-05,organic,Pro,8.0,392.0,4704.0,False,308,3.0,4.0,0.0,False,False,544,0,0.1256732361936969,49.26390858792919,12.567323619369692,Low,Proactive retention outreach
A-0f3e88,Company_428,HealthTech,US,2023-07-23,other,Basic,17.0,323.0,3876.0,False,464,2.0,5.0,0.0,True,False,435,0,0.1493532409197568,48.24109681708146,14.935324091975684,Low,Proactive retention outreach
A-271f46,Company_84,DevTools,US,2023-02-09,event,Basic,38.0,722.0,8664.0,False,308,1.0,,0.0,False,False,599,0,0.0667016652864353,48.1586023368063,6.670166528643532,Low,Proactive retention outreach
A-2b9d3e,Company_319,EdTech,US,2023-06-04,partner,Basic,28.0,532.0,6384.0,False,389,3.0,5.0,0.0,True,False,484,0,0.0904611184375438,48.12531500877335,9.046111843754389,Low,Proactive retention outreach
A-a8d89d,Company_326,EdTech,US,2023-12-08,ads,Basic,13.0,247.0,2964.0,False,503,2.0,5.0,0.0,True,False,297,0,0.1804164750732612,44.56286934309552,18.04164750732612,Low,Proactive retention outreach
A-9b9fe9,Company_71,EdTech,AU,2023-09-28,other,Pro,5.0,245.0,2940.0,False,493,3.0,4.0,0.0,False,True,368,0,0.1764342311476983,43.226386631186095,17.643423114769835,Low,Proactive retention outreach
A-e888d1,Company_102,Cybersecurity,US,2023-03-28,other,Basic,14.0,266.0,3192.0,False,488,5.0,4.0,0.2,True,False,552,1,0.1502026273126619,39.953898865168085,15.020262731266198,Low,Proactive retention outreach
A-ef84cf,Company_274,EdTech,US,2024-03-01,partner,Basic,8.0,152.0,1824.0,False,259,3.0,4.0,0.0,False,True,213,1,0.2498412917850419,37.97587635132638,24.984129178504197,Low,Proactive retention outreach
A-484819,Company_109,HealthTech,US,2023-02-21,organic,Basic,22.0,418.0,5016.0,False,319,5.0,4.5,0.0,True,False,587,0,0.0887887780987546,37.113709245279445,8.878877809875465,Low,Proactive retention outreach
A-8145a0,Company_33,Cybersecurity,AU,2023-04-25,partner,Basic,12.0,228.0,2736.0,False,614,5.0,4.0,0.0,True,False,524,0,0.1467419196728692,33.45715768541419,14.674191967286925,Low,Proactive retention outreach
A-019782,Company_142,DevTools,FR,2023-04-19,event,Basic,14.0,266.0,3192.0,False,498,1.0,,0.0,True,False,530,0,0.116829748396353,31.07671307342992,11.682974839635309,Low,Proactive retention outreach
A-e89151,Company_234,FinTech,UK,2023-09-14,organic,Basic,8.0,152.0,1824.0,False,522,1.0,5.0,0.0,True,False,382,0,0.1956272884255384,29.73534784068184,19.56272884255384,Low,Proactive retention outreach
A-432483,Company_78,Cybersecurity,US,2023-02-06,ads,Pro,8.0,392.0,4704.0,False,368,1.0,,0.0,True,False,602,0,0.0737885963728496,28.925129778157054,7.378859637284963,Low,Proactive retention outreach
A-b7724f,Company_320,HealthTech,UK,2023-03-28,organic,Basic,10.0,190.0,2280.0,False,345,2.0,3.0,0.0,False,False,552,0,0.1511612624305604,28.72063986180648,15.116126243056044,Low,Customer satisfaction outreach
A-ff3c73,Company_244,HealthTech,AU,2023-01-26,other,Basic,21.0,399.0,4788.0,False,341,2.0,3.5,0.0,True,False,613,0,0.068865880384217,27.4774862733026,6.886588038421704,Low,Proactive retention outreach
A-cb6cc6,Company_419,DevTools,US,2023-04-03,ads,Basic,13.0,247.0,2964.0,False,267,2.0,4.0,0.0,True,False,546,0,0.1102980055834144,27.243607379103377,11.02980055834145,Low,Proactive retention outreach
A-f446b6,Company_36,DevTools,DE,2023-05-12,ads,Basic,5.0,95.0,1140.0,False,322,7.0,4.25,0.0,False,False,507,0,0.2857101918117312,27.142468222114463,28.571019181173124,Low,Proactive retention outreach
A-bcf664,Company_248,DevTools,US,2023-05-19,other,Basic,6.0,114.0,1368.0,False,477,4.0,4.0,0.25,False,False,500,1,0.226263987479112,25.79409457261878,22.626398747911207,Low,Proactive retention outreach
A-1f559b,Company_357,HealthTech,US,2023-09-04,organic,Basic,7.0,133.0,1596.0,False,334,4.0,4.0,0.0,False,True,392,0,0.1856252245934079,24.68815487092326,18.5625224593408,Low,Proactive retention outreach
A-9ee962,Company_59,HealthTech,US,2023-02-28,ads,Basic,9.0,171.0,2052.0,False,416,3.0,4.0,0.0,True,True,580,1,0.1279096032153572,21.872542149826085,12.79096032153572,Low,Proactive retention outreach
A-92a333,Company_116,FinTech,US,2023-03-24,event,Basic,9.0,171.0,2052.0,False,285,4.0,,0.25,False,True,556,0,0.1262320727295099,21.5856844367462,12.623207272950996,Low,Proactive retention outreach
A-c608c8,Company_199,DevTools,DE,2023-04-27,ads,Basic,5.0,95.0,1140.0,False,375,2.0,3.0,0.0,True,True,522,0,0.2192221268715848,20.826102052800564,21.92221268715849,Low,Customer satisfaction outreach
A-439b2f,Company_152,DevTools,US,2024-02-21,ads,Basic,4.0,76.0,912.0,False,153,2.0,,0.0,False,False,222,1,0.2653253612071082,20.164727451740227,26.532536120710827,Low,Product adoption outreach
A-54ecc2,Company_289,Cybersecurity,US,2023-06-11,partner,Basic,6.0,114.0,1368.0,False,550,4.0,5.0,0.0,False,True,477,1,0.1602934130469298,18.27344908735001,16.029341304692988,Low,Proactive retention outreach
A-13466a,Company_196,DevTools,AU,2023-10-22,event,Basic,9.0,171.0,2052.0,False,167,2.0,5.0,0.0,False,False,344,0,0.1028357204249553,17.584908192667367,10.283572042495535,Low,Product adoption outreach
A-f19b24,Company_462,Cybersecurity,US,2023-01-10,organic,Basic,29.0,551.0,6612.0,False,82,2.0,4.0,0.5,False,False,629,0,0.0275970202101681,15.205958135802632,2.759702021016812,Low,Priority support intervention
A-e6afc1,Company_346,DevTools,US,2023-02-24,ads,Pro,2.0,98.0,1176.0,False,638,0.0,,0.0,False,False,584,0,0.1517902231995583,14.875441873556712,15.179022319955829,Low,Proactive retention outreach
A-462d45,Company_13,Cybersecurity,US,2024-01-15,partner,Basic,61.0,0.0,0.0,True,588,3.0,4.0,0.0,True,True,259,0,0.2288535211934023,0.0,22.88535211934023,Low,Proactive retention outreach
A-19b2c8,Company_476,DevTools,IN,2023-06-06,other,Enterprise,20.0,0.0,0.0,True,513,3.0,4.666666666666667,0.0,True,False,482,0,0.2469281853812951,0.0,24.69281853812951,Low,Proactive retention outreach
A-d792a6,Company_486,DevTools,US,2023-01-23,organic,Enterprise,58.0,0.0,0.0,True,598,3.0,4.0,0.0,True,True,616,0,0.086590856063274,0.0,8.659085606327407,Low,Proactive retention outreach
A-aa9511,Company_203,DevTools,US,2023-10-10,other,Enterprise,58.0,0.0,0.0,True,536,2.0,4.0,0.0,False,False,356,0,0.2071420633193046,0.0,20.714206331930463,Low,Proactive retention outreach
A-313be3,Company_136,EdTech,US,2023-11-15,partner,Basic,47.0,0.0,0.0,True,478,3.0,,0.0,True,False,320,0,0.1812972527448856,0.0,18.129725274488568,Low,Proactive retention outreach
A-f97b9a,Company_159,FinTech,US,2023-07-09,event,Basic,65.0,0.0,0.0,True,473,6.0,3.6666666666666665,0.0,False,False,449,0,0.200520463755987,0.0,20.052046375598707,Low,Proactive retention outreach
A-10b8f2,Company_151,HealthTech,DE,2023-01-11,organic,Basic,47.0,0.0,0.0,True,485,3.0,4.333333333333333,0.0,True,False,628,0,0.0788135562120038,0.0,7.881355621200383,Low,Proactive retention outreach
A-eafc6e,Company_149,DevTools,US,2023-07-06,partner,Pro,31.0,0.0,0.0,True,279,1.0,,0.0,False,False,452,1,0.1314798715705354,0.0,13.147987157053542,Low,Proactive retention outreach
A-417d2f,Company_285,Cybersecurity,IN,2023-07-04,partner,Enterprise,14.0,0.0,0.0,True,650,4.0,4.333333333333333,0.0,True,False,454,0,0.2849312352098115,0.0,28.49312352098116,Low,Proactive retention outreach
A-702032,Company_186,HealthTech,US,2023-10-03,ads,Basic,28.0,0.0,0.0,True,251,4.0,3.0,0.0,False,False,363,0,0.2343975195756248,0.0,23.43975195756249,Low,Customer satisfaction outreach
A-39b19f,Company_176,FinTech,US,2023-02-03,partner,Enterprise,24.0,0.0,0.0,True,513,5.0,4.0,0.0,True,True,605,0,0.1681256627741101,0.0,16.812566277411012,Low,Proactive retention outreach
A-05d3b3,Company_213,DevTools,AU,2023-05-28,ads,Enterprise,9.0,0.0,0.0,True,593,5.0,4.333333333333333,0.0,False,False,491,0,0.20280765014623,0.0,20.280765014623004,Low,Proactive retention outreach
A-e1b9cd,Company_484,DevTools,US,2023-02-26,event,Pro,40.0,0.0,0.0,True,804,1.0,3.0,0.0,False,True,582,1,0.1868925446955724,0.0,18.68925446955724,Low,Customer satisfaction outreach
A-9a532a,Company_333,HealthTech,US,2024-07-06,partner,Basic,62.0,0.0,0.0,True,155,2.0,,0.0,False,False,86,0,0.2429761561002363,0.0,24.29761561002363,Low,Product adoption outreach
A-e51ec7,Company_113,FinTech,CA,2023-09-23,partner,Enterprise,2.0,0.0,0.0,True,384,2.0,,0.0,True,True,373,0,0.2445661534697045,0.0,24.45661534697045,Low,Proactive retention outreach
A-7d514c,Company_119,HealthTech,DE,2024-02-03,organic,Basic,17.0,0.0,0.0,True,451,2.0,5.0,0.0,True,False,240,0,0.2415534246061912,0.0,24.155342460619124,Low,Proactive retention outreach
A-756192,Company_390,FinTech,IN,2023-06-11,other,Enterprise,19.0,0.0,0.0,True,560,3.0,4.0,0.0,True,False,477,0,0.286417773900426,0.0,28.6417773900426,Low,Proactive retention outreach
A-69fad4,Company_103,FinTech,UK,2023-04-06,ads,Pro,13.0,0.0,0.0,True,334,4.0,3.6666666666666665,0.0,False,False,543,0,0.2291728035617001,0.0,22.917280356170014,Low,Proactive retention outreach
A-3a5ad8,Company_94,HealthTech,US,2023-12-05,organic,Enterprise,9.0,0.0,0.0,True,458,3.0,4.0,0.0,True,True,300,0,0.2497146088482782,0.0,24.971460884827824,Low,Proactive retention outreach
A-3b37d9,Company_384,FinTech,US,2023-01-27,event,Enterprise,23.0,0.0,0.0,True,386,5.0,4.5,0.0,True,False,612,1,0.1138751638137098,0.0,11.387516381370984,Low,Proactive retention outreach
A-b44e3e,Company_383,Cybersecurity,UK,2024-02-12,ads,Pro,40.0,0.0,0.0,True,340,3.0,4.333333333333333,0.0,True,False,231,0,0.2724417417905488,0.0,27.24417417905488,Low,Proactive retention outreach
A-f44180,Company_376,Cybersecurity,UK,2023-02-13,event,Enterprise,35.0,0.0,0.0,True,440,2.0,5.0,0.0,False,False,595,0,0.0731523746609297,0.0,7.315237466092974,Low,Proactive retention outreach
A-e19ff6,Company_411,Cybersecurity,UK,2023-07-28,partner,Enterprise,3.0,0.0,0.0,True,408,3.0,4.666666666666667,0.0,False,False,430,0,0.2041516993359425,0.0,20.41516993359425,Low,Proactive retention outreach
A-4e0e85,Company_409,DevTools,US,2023-09-08,organic,Basic,15.0,0.0,0.0,True,230,2.0,5.0,0.0,False,False,388,0,0.1073214029638505,0.0,10.732140296385053,Low,Proactive retention outreach
A-72799b,Company_394,DevTools,FR,2023-11-13,event,Pro,30.0,0.0,0.0,True,491,2.0,4.5,0.5,True,True,322,0,0.1991673194640458,0.0,19.916731946404585,Low,Priority support intervention
A-c7e58b,Company_404,HealthTech,IN,2023-06-25,other,Pro,16.0,0.0,0.0,True,324,3.0,3.333333333333333,0.0,False,False,463,0,0.268622658282496,0.0,26.8622658282496,Low,Proactive retention outreach
A-1d5444,Company_427,Cybersecurity,US,2024-01-18,partner,Pro,24.0,0.0,0.0,True,526,1.0,4.0,0.0,True,False,256,0,0.2431281909828914,0.0,24.312819098289147,Low,Proactive retention outreach
A-9208f0,Company_79,EdTech,US,2023-05-11,organic,Basic,17.0,0.0,0.0,True,488,7.0,3.5,0.1428571428571428,True,False,508,1,0.1768235476299538,0.0,17.68235476299538,Low,Proactive retention outreach
A-337bc1,Company_424,Cybersecurity,US,2023-07-19,organic,Pro,30.0,0.0,0.0,True,367,2.0,4.5,0.5,True,True,439,0,0.0777445580993265,0.0,7.774455809932655,Low,Priority support intervention
A-40a557,Company_86,Cybersecurity,AU,2023-12-03,partner,Pro,18.0,0.0,0.0,True,376,5.0,3.0,0.0,False,False,302,0,0.2609831879050012,0.0,26.09831879050012,Low,Customer satisfaction outreach
A-1e6fc3,Company_434,EdTech,FR,2023-12-06,other,Basic,11.0,0.0,0.0,True,232,5.0,3.6666666666666665,0.0,False,False,299,0,0.2189183453306873,0.0,21.89183453306874,Low,Proactive retention outreach
A-7f4db3,Company_441,FinTech,US,2023-03-05,other,Enterprise,4.0,0.0,0.0,True,693,5.0,3.25,0.2,False,False,575,0,0.2972597606427833,0.0,29.72597606427833,Low,Proactive retention outreach
A-798a3f,Company_463,DevTools,FR,2023-10-19,other,Enterprise,12.0,0.0,0.0,True,308,4.0,4.0,0.0,True,False,347,0,0.2482477246681775,0.0,24.824772466817755,Low,Proactive retention outreach
A-3b5cd1,Company_49,FinTech,US,2023-09-12,event,Enterprise,55.0,0.0,0.0,True,425,4.0,4.0,0.0,True,True,384,0,0.184953724061271,0.0,18.49537240612711,Low,Proactive retention outreach
A-cc98bc,Company_469,DevTools,US,2023-05-24,ads,Basic,32.0,0.0,0.0,True,456,3.0,4.0,0.0,True,False,495,0,0.1614291045063391,0.0,16.14291045063392,Low,Proactive retention outreach
A-1f0ac7,Company_3,HealthTech,UK,2023-08-27,other,Pro,24.0,0.0,0.0,True,337,2.0,,0.0,True,False,400,1,0.2380009970781302,0.0,23.80009970781302,Low,Proactive retention outreach
A-117171,Company_135,HealthTech,FR,2024-09-12,organic,,,,,,193,5.0,3.5,0.2,0,0,18,1,0.394963614436987,,39.4963614436987,Low,Product adoption outreach
A-ab438f,Company_233,Cybersecurity,US,2024-09-13,ads,,,,,,340,2.0,3.5,0.0,0,0,17,1,0.3880017115829075,,38.80017115829075,Low,Proactive retention outreach
A-0baac2,Company_264,FinTech,DE,2024-05-30,organic,,,,,,179,6.0,4.333333333333333,0.0,False,False,123,1,0.3930250796406621,,39.302507964066216,Low,Product adoption outreach
